순위,책이름,저자,줄거리,이미지
1,잔혹한 어머니의 날 1,넬레 노이하우스,"10여 일이 지나 발견된 80대 독거노인의 죽음, 그리고 그의 집 마당에서 발견된 의문의 사람 뼈들……진정 망자는 연쇄살인범일까, 아니면 연쇄살인의 또 다른 희생자일까?『백설공주에게 죽음을』의 명성을 잇는 화제의 명품 스릴러독일을 넘어 전 세계를 매혹시킨 유럽 미스터리의 여왕 넬레 노이하우스의 ‘타우누스 시리즈’ 아홉 번째 작품이자 최신작 『잔혹한 어머니의 날(전2권)』이 북로드에서 번역 출간됐다. 속편은 전편을 뛰어넘기 어렵다는 속설을 뒤엎고 신작을 발표할 때마다 내용과 구성 면에서 갈수록 진화하는 모습을 보여주고 있는 작가는 이번 신작에서도 강렬하고 파격적인 첫 장면부터 읽는 이에게 깊은 인상을 남기며 “넬레 노이하우스의 작품 중에서도 최고..",https://bookthumb-phinf.pstatic.net/cover/155/115/15511574.jpg?type=m5
2,잔혹한 어머니의 날 2,넬레 노이하우스,"10여 일이 지나 발견된 80대 독거노인의 죽음, 그리고 그의 집 마당에서 발견된 의문의 사람 뼈들……진정 망자는 연쇄살인범일까, 아니면 연쇄살인의 또 다른 희생자일까?『백설공주에게 죽음을』의 명성을 잇는 화제의 명품 스릴러독일을 넘어 전 세계를 매혹시킨 유럽 미스터리의 여왕 넬레 노이하우스의 ‘타우누스 시리즈’ 아홉 번째 작품이자 최신작 『잔혹한 어머니의 날(전2권)』이 북로드에서 번역 출간됐다. 속편은 전편을 뛰어넘기 어렵다는 속설을 뒤엎고 신작을 발표할 때마다 내용과 구성 면에서 갈수록 진화하는 모습을 보여주고 있는 작가는 이번 신작에서도 강렬하고 파격적인 첫 장면부터 읽는 이에게 깊은 인상을 남기며 “넬레 노이하우스의 작품 중에서도 최고..",https://bookthumb-phinf.pstatic.net/cover/155/115/15511576.jpg?type=m5
3,김승옥문학상 수상작품집,"윤성희, 권여선, 편혜영, 조해진, 황정은, 최은미, 김금희","한국문학의 올스타 스테이지새로움보다 새로운, 동시대 문학의 일곱 개의 별『2019 김승옥문학상 수상작품집』2019년부터 김승옥문학상을 문학동네에서 주관한다. 등단 10년 이상의 작가들이 1년간 발표한 단편소설 가운데 작가 정보를 지운 블라인드 심사로 가장 뛰어난 일곱 편을 뽑고 그중 대상작 1편과 우수상 6편을 선정해 독자들에게 선보인다. 봄에는 푸르고 에너지 넘치는 젊은작가상 수상작품집으로, 가을에는 원숙하고도 단단히 여문 김승옥문학상 수상작품집으로 문학동네는 한국문학의 외연을 넓혀가는 동시에 그 아름다움과 즐거움을 더 자주 독자들과 나눌 예정이다. 올해 김승옥문학상 수상 작가는 윤성희, 권여선, 편혜영, 조해진, 황정은, 최은미, 김금희다. 수상자 모두 독자적인 소설세계의 일가를 이룬 한국문학의 기둥이자..",https://bookthumb-phinf.pstatic.net/cover/155/124/15512482.jpg?type=m5
4,물 만난 물고기,이찬혁,"▶ 출간 1주년 리커버 에디션: 바로드림 구매 시에는 일반판과 랜덤으로 제공됩니다.철학적인 화두가 고스란히 배어있는 이찬혁의 문장들!천재적 감성의 아티스트, AKMU(악동뮤지션)의 이찬혁이 펴낸 첫 번째 소설 『물 만난 물고기』. 2019년 가을, 한날 발매된 AKMU(악동뮤지션) 정규앨범 《항해》와 세계관을 공유한 이 작품에는 세상을 향해 던지는 짙고 푸른 물음과 소중한 것을 지켜나가는 것의 의미, 빛나는 삶의 순간들에 대한 저자만의 시선이 담겨있다. 상상을 뒤집는 강렬한 스토리, 탄탄한 구성력을 동원해 인간의 욕망과 두려움, 자유와 통제의 대비, 사랑의 환희와 상실의 상흔, 삶의 의미를 때로는 담담하게, 때로는 환상적으로 보여준다. 앨범 발매를 앞두고 녹음 작업을 하던 선은 자신이 추구하는 예술가로서의 ..",https://bookthumb-phinf.pstatic.net/cover/154/764/15476484.jpg?type=m5
5,핵을 들고 도망친 101세 노인,요나스 요나손,"창문 넘어 도망친 100세 노인이 돌아오다베스트셀러 작가 요나스 요나손의 장편소설 『핵을 들고 도망친 101세 노인』이 열린책들에서 출간되었다. 요나손은 데뷔작 『창문 넘어 도망친 100세 노인』으로 인구 천만의 나라 스웨덴에서 120만 부, 전 세계적으로 1천만 부 이상 판매 기록을 세웠는데 이 작품이 바로 그 후속작이다. 지금까지 국내에서 출간된 요나손의 다른 소설들과 마찬가지로 전문 번역가 임호경이 번역을 맡았다.스웨덴의 시골 마을에서 태어났지만 백 년이 넘는 세월을 살면서 본의 아니게 세계사의 주요 사건에 끼어들게 된 주인공 알란 칼손. 백 살 생일날 양로원 창문을 넘어 도망쳤던 알란이 이번에는 백 한 살 생일날 열기구를 탔다가 조난당하며 새로운 모험을 시작..",https://bookthumb-phinf.pstatic.net/cover/155/099/15509932.jpg?type=m5
6,슬픈 쥐의 윤회,김용옥,"농도가 짙은 철학자의 삶을 담은 도올의 소설!철학자 도올 김용옥의 소설집 『슬픈 쥐의 윤회』. 소설이라는 문학 장르의 개념에 새로운 요소를 도입하는 철학적 작업으로, 우리가 상식적으로 생각하는 소설의 개념을 파괴한 13편의 단편이 수록되어 있다. 어떤 상황에서도 인간을 파악하고 인간을 그려내는 도올의 철학이 도올의 일상적 삶에 어떻게 발현되고 있는가를 엿볼 수 있는 작품들로 구성되어 있다.도올의 소설은 구상과 비구상, 픽션과 논픽션의 경계를 허무는 전통적 소설가의 전승을 승계하고 있다. 소설은 대설과 구분되는 작은 이야기이며, 작은 이야기는 서구문학이 규정하는 노블이라는 허구양식에 국한될 필요가 없다고 이야기하면서 다양한 양식의 이야기를 오늘날 자신의 삶의 이야기로 용해시켜 표현하는 것이라고 말하며 자신만의..",https://bookthumb-phinf.pstatic.net/cover/154/322/15432263.jpg?type=m5
7,마도조사 2,묵향동후,"남망기와 설양이 교전을 벌이는 사이위무선은 세가 소년들을 이끌고맹인 소녀의 망령이 두드리는 간대 소리를 따라간다.그리고 그들이 도착한 곳에서 마주한 것은 효성진의 시신이었다. ‘명월청풍 효성진, 오설능상 송자침’설양, 효성진, 송람, 세 사람의 안타까운 비극.위무선은 망령의 기억에 스며드는 '공정共情'을 통해 소녀의 망령에 들어가 의성에서 생긴 돌이킬 수 없는 사건의 전모를 본다. 시신을 파내고 설양을 데려간 도굴꾼은 누구인가?위무선을 의성으로 이끈 자의 속셈은 또 무엇인가? 그리고……위무선과 남망기가 애써 찾은 사지와 몸통,머리 없는 시신 ‘우리 아우님’의 정체는……!",https://bookthumb-phinf.pstatic.net/cover/153/690/15369099.jpg?type=m5
8,우먼 인 윈도,A. J. 핀,"[뉴욕타임스] 1위, 40주 베스트셀러!전세계를 홀린 초대형 스릴러, 드디어 한국 상륙!“그날 내가 본 것은 정말로 살인사건이었을까?”광장공포증 때문에 집 밖으로 한 발짝도 나올 수 없는 애나. 다양한 향정신성 약물과 술, 이웃들을 훔쳐보는 ‘떳떳하지 못한’ 취미로 이루어진 그녀의 일상은 건너편 집에 러셀 가족이 이사오면서 엉망진창이 된다. 바로 그 집에서, 애나가 지켜보는 가운데, 살인사건이 일어난 것이다. 애나는 사건의 유일한 목격자이지만 그 말을 믿어주는 사람은 없다. 경찰은 그 집에서 아무도 죽지 않았다고 말한다. 애나의 기억은 진실일까? 아니면 사람들이 말하는 것처럼 약물이 만들어낸 환각일까? 2018년, 출간과 동시에 [뉴욕타임스] ..",https://bookthumb-phinf.pstatic.net/cover/154/311/15431125.jpg?type=m5
9,오직 한 사람의 차지,김금희,"그 어느 때보다 입체적이고 감각적으로 구현된 감정의 서라운드!《너무 한낮의 연애》, 《경애의 마음》 등으로 사랑받으며 독자들이 뽑은 2019 한국문학의 미래가 될 젊은 작가로 선정된 김금희의 세 번째 소설집 『오직 한 사람의 차지』. 일상 속에서 마주치는 흥미로운 장면, 멀거나 가까운 사람들에게서 어쩌다 발견하게 되는 낯선 모습을 예리하게 관찰하여 아주 내밀하면서도 누구나 공감할 수 있는 작품세계를 펼치는 저자의 9편의 소설을 엮은 것으로, 제62회 현대문학상 수상작 《체스의 모든 것》과 제8회 젊은작가상 수상작 《문상》이 수록되어 있다.아내와 장인의 눈치를 보며 힘들게 1인 출판사를 운영하다 사업을 정리해야 했던 ‘나’의 모욕감과 상실감을 그린 표제작 《오직 한 사람의 차지》, 예민한 기질을 지녔지만 의외..",https://bookthumb-phinf.pstatic.net/cover/153/690/15369087.jpg?type=m5
10,빛의 과거,은희경,"은희경이라는 필터를 거쳐 오늘, 나의 이야기가 되는 그때 그 시절의 이야기!은희경의 장편소설 『빛의 과거』. 《태연한 인생》 이후 7년 만에 선보이는 장편소설로, 깊이 숙고해 오랫동안 쓰고 고쳐 쓴 작품이다. 갓 성년이 된 여성들이 기숙사라는 낯선 공간에서 마주친 첫 다름과 섞임의 세계를 그려냈다. 기숙사 룸메이트들을 통해 다양하며 입체적인 여성 인물들을 제시하고 1970년대의 문화와 시대상을 세밀하게 서술한다.2017년, 중년 여성 김유경은 오랜 친구 김희진의 소설 《지금은 없는 공주들을 위하여》를 읽으며 1977년 여자대학 기숙사에서의 한때를 떠올린다. 같은 시공간을 공유했으나 전혀 다르게 묘사된 김희진의 소설 속 기숙사 생활을 읽으며, 김유경은 자신의 기억을 되짚는다. 기숙사에서 가장 중요한 것은 룸메..",https://bookthumb-phinf.pstatic.net/cover/153/727/15372732.jpg?type=m5
11,밤의 양들 1,이정명,"집필 기간 12년,역사 철학 종교를 종횡하는 지적 미스터리!이정명의 신작 장편소설 《밤의 양들》<뿌리 깊은 나무>, <바람의 화원> 등으로 역사와 소설을 절묘하게 결합한 이야기의 힘을 보여준 이정명 작가의 신작 장편소설이 은행나무출판사에서 출간되었다. 이번 작품에서는 예수의 십자가형이 이루어지는 유월절 일주일 전 벌어진 충격적인 네 번의 연쇄살인의 비밀을 다루고 있다. 네 번 모두 사라진 피해자의 등가죽, 피로 물든 샘물, 교량에 매달린 시체 등, 쉴 틈 없이 이어지는 연쇄 살인과 촘촘히 연결된 단서들. 음모와 배신, 욕망이 폭풍처럼 뒤섞이는 마지막 일주일의 비밀이 추리와 상상을 통해 밝혀진다. 12년 동안 수차례의 개작, 수십 번의 수정 작업을 통해 세상에 나온 이정명의 《밤의 양들》..",https://bookthumb-phinf.pstatic.net/cover/153/727/15372716.jpg?type=m5
12,밤의 양들 2,이정명,"집필 기간 12년,역사 철학 종교를 종횡하는 지적 미스터리!이정명의 신작 장편소설 《밤의 양들》<뿌리 깊은 나무>, <바람의 화원> 등으로 역사와 소설을 절묘하게 결합한 이야기의 힘을 보여준 이정명 작가의 신작 장편소설이 은행나무출판사에서 출간되었다. 이번 작품에서는 예수의 십자가형이 이루어지는 유월절 일주일 전 벌어진 충격적인 네 번의 연쇄살인의 비밀을 다루고 있다. 네 번 모두 사라진 피해자의 등가죽, 피로 물든 샘물, 교량에 매달린 시체 등, 쉴 틈 없이 이어지는 연쇄 살인과 촘촘히 연결된 단서들. 음모와 배신, 욕망이 폭풍처럼 뒤섞이는 마지막 일주일의 비밀이 추리와 상상을 통해 밝혀진다. 12년 동안 수차례의 개작, 수십 번의 수정 작업을 통해 세상에 나온 이정명의 《밤의 양들》..",https://bookthumb-phinf.pstatic.net/cover/153/727/15372717.jpg?type=m5
13,엘리너 올리펀트는 완전 괜찮아,게일 허니먼,"엘리너의 괜찮지만 괜찮지 않은 삶에 찾아온 커다란 변화!스코틀랜드 작가 게일 허니먼의 데뷔작 『엘리너 올리펀트는 완전 괜찮아』. 마흔 살이 되던 해, 이십 년간 마음속으로만 품고 있던 소설가의 꿈을 이루기 위해 글쓰기 과정을 들으며 써내려간 작품으로, 세상사에 서툴고 가족도 친구도 없이 완벽하게 혼자 삶을 꾸려나가며 “나는 혼자로 충분한 독립체”라고 생각하는 괴짜 외톨이 엘리너 올리펀트의 삶을 경쾌하면서도 따뜻하게 그려냈다.스코틀랜드 글래스고에 사는 엘리너 올리펀트는 그래픽디자인 회사에서 구 년째 일하고 있다. 어린 시절 겪은 비극과 트라우마로 인해 얼굴과 심장에 흉터가 있고 습진 때문에 때때로 장갑을 끼고 매일 똑같은 조끼와 운동화 차림에 시장을 보러 갈 때나 쓸 법한 바퀴 달린 가방을 들고 다닌다. 사람..",https://bookthumb-phinf.pstatic.net/cover/153/706/15370620.jpg?type=m5
14,기도의 막이 내릴 때,히가시노 게이고,"제48회 요시카와 에이지 문학상 수상작아베 히로시, 마쓰시마 나나코 주연의 영화 원작 소설절체절명의 극한 상황에 내몰렸을 때 인간은 무엇을 생각하는가. 누군가를 위해 세상에서 자신의 존재를 지운 채 그림자처럼 살아가는 남자. 어린 시절의 비극을 딛고 연극 무대를 향한 오랜 꿈을 실현한 여성 연출가. 그리고 어릴 적 가출한 어머니의 행적을 찾아 니혼바시 일대를 맴도는 경시청 소속 형사. 이들에게 세상은 잔혹하고 인생은 불합리한 한 편의 비극이다. 히가시노 게이고의 장편 추리소설 『기도의 막이 내릴 때』는 집필 기간 33년, 일본 내 총 판매 부수 1,200만 부를 기록하며 큰 인기를 모아 온 ‘가가 형사 시리즈’ 10번째 이야기이자 그..",https://bookthumb-phinf.pstatic.net/cover/152/598/15259838.jpg?type=m5
15,직지 1,김진명,"지난 천년간 인류의 삶을 획기적으로 바꿔놓은 최고의 발명으로 꼽힌 것이 무엇일까? 바로 구텐베르크의 금속활자다. 그런데 인류 역사에 지대한 영향을 끼친 이 금속활자가 우리의 '직지'로부터 비롯된 것이라면? 신작을 낼 때마다 독자들의 폭발적 사랑을 받아온 김진명 작가가 이런 문제의식에서 출발한 장편소설 <직지>로 돌아왔다.<무궁화꽃이 피었습니다>부터 <미중전쟁>에 이르기까지, 시대와 함께 호흡하며 독보적인 작품세계를 구축해온 그는 밀리언셀러 작가답게 신작에서도 탁월한 이야기꾼으로서의 솜씨를 발휘하며 묵직한 메시지를 던진다. 일간지 사회부 기자 김기연은 베테랑 형사조차 충격에 빠뜨린 기괴한 살인현장을 취재한다. 무참히 살해된 시신은 귀가 잘려나가고 창이 심장을 관통했다. 놀라운 ..",https://bookthumb-phinf.pstatic.net/cover/151/339/15133927.jpg?type=m5
16,직지 2,김진명,"과연 구텐베르크의 금속활자는 고려 ‘직지’로부터 나왔는가?지난 천년간 인류의 삶을 획기적으로 바꿔놓은 최고의 발명으로 꼽힌 것이 무엇일까? 바로 구텐베르크의 금속활자다. 그런데 인류 역사에 지대한 영향을 끼친 이 금속활자가 우리의 ‘직지’로부터 비롯된 것이라면? 신작을 낼 때마다 독자들의 폭발적 사랑을 받아온 김진명 작가가 이런 문제의식에서 출발한 장편소설 『직지』(전2권)로 돌아왔다. 『무궁화꽃이 피었습니다』부터 『미중전쟁』에 이르기까지, 시대와 함께 호흡하며 독보적인 작품세계를 구축해온 그는 밀리언셀러 작가답게 신작에서도 탁월한 이야기꾼으로서의 솜씨를 발휘하며 묵직한 메시지를 던진다.",https://bookthumb-phinf.pstatic.net/cover/151/339/15133928.jpg?type=m5
17,지구에서 한아뿐,정세랑,"2만 광년을, 너와 있기 위해 왔어!외계인 경민과 지구인 한아의 아주 희귀한 종류의 사랑 이야기 『지구에서 한아뿐』. 창비장편소설상, 한국일보문학상 수상 작가 정세랑의 두 번째 장편소설이다. 10년 전 쓴 작품을 다시 꺼내어 과거의 자신에게 동의하기도 하고 동의하지 않기도 하며 다시 한 번 고쳐 펴낸 다디단 작품이다.칫솔에 근사할 정도로 적당량의 치약을 묻혀 건네는 모습에 감동하는 한아는 저탄소생활을 몸소 실천하는 의류 리폼 디자이너다. '환생'이라는 작은 옷 수선집을 운영하며 누군가의 이야기와 시간이 담긴 옷에 작은 새로움을 더해주곤 하는 한아에게는 스무 살 때부터 좋아한, 만난 지 11년 된 남자친구 경민이 있다. 늘 익숙한 곳에 머무르려 하는 한아와 달리 자유분방하게 살아가는 경민은 이번 여름에도 혼자..",https://bookthumb-phinf.pstatic.net/cover/151/337/15133733.jpg?type=m5
18,마도조사 1,묵향동후,"사문을 배신하고 인간의 길을 포기한 악마, 이릉노조夷陵老祖 위무선.그가 난장강 대토벌전에서 죽자 사람들은 환호한다.이후 오랜 세월 외로이 떠돌던 위무선의 혼백은금지된 주술인 헌사를 통해 다른 이의 육신으로 거듭난다.새로운 몸을 얻은 위무선은 자신의 정체를 숨기려 하나,그를 둘러싼 운명은 천천히 다시 흐르기 시작하는데……새로운 인연과 다시 만난 이들.다가오는 거대한 음모.마도조사魔道祖師 위무선의 이야기가 다시 시작된다!",https://bookthumb-phinf.pstatic.net/cover/152/022/15202216.jpg?type=m5
19,대도시의 사랑법,박상영,"여름의 도시 풍경과 한데 어우러져 강한 인상을 남기는 박상영의 소설!2019년 젊은작가상 대상 수상 작가 박상영의 연작소설 『대도시의 사랑법』. 한국문학에서 이미 중요한 주제가 된 퀴어소설. 그중에서도 저자는 성에 있어 가볍게 보일 수 있는 면모를 오히려 작품의 매력으로 끌어올리는 한편 그 안에 녹록지 않은 사유를 담아냄으로써 단연 주목받는 젊은 작가로 단숨에 자리 잡았다. 소설집 《알려지지 않은 예술가의 눈물과 자이툰 파스타》로 평단과 독자의 사랑을 받은 저자의 이번 작품은 젊은작가상 대상 수상작 《우럭 한점 우주의 맛》을 비롯해 발표와 동시에 화제가 됐던 4편의 중단편을 모은 연작소설이자 두 번째 소설집이다.게이 남성인 주인공 ‘나’는 대학 동기인 여성, 재희와 동거한다. 서로의 비밀을 공유하면서 가깝게..",https://bookthumb-phinf.pstatic.net/cover/150/629/15062944.jpg?type=m5
20,우리가 빛의 속도로 갈 수 없다면,김초엽,"우리 SF의 우아한 계보, 그 후지난겨울까지 바이오센서를 만드는 과학도였던 김초엽 작가는, 이제 소설을 쓴다. 「관내분실」로 한국과학문학상 중단편부문 대상을 받았다. 필명으로 낸 「우리가 빛의 속도로 갈 수 없다면」도 동시에 상을 받았다. ‘한국 SF의 우아한 계보’라 불리며 작품 활동을 시작한 김초엽 작가는 그 후, 더욱 도약했다. 자신만이 그려낼 수 있는 김초엽 특유의 작품세계를 보여주었다. 투명하고 아름답지만 순진하지만은 않은, 어디에도 없는 그러나 어딘가에 있을 것 같은, 근사한 세계를 손에 잡힐 듯 이야기에 담아냈다.다섯 개의 위성이 뜨는 곳에서도, 지지 않는 마음표제작 「우리가 빛의 속도로 갈 수 없다면」에는 매력적인 ‘할머니 과학자..",https://bookthumb-phinf.pstatic.net/cover/150/287/15028705.jpg?type=m5
21,가재가 노래하는 곳,델리아 오언스,"다양한 생명이 숨 쉬지만 인간이 살아가기에는 가혹한 환경에 홀로 남겨진 소녀의 이야기!평생 야생동물을 연구해온 생태학자 델리아 오언스가 일흔이 가까운 나이에 펴낸 첫 소설 『가재가 노래하는 곳』. 미국 남부의 노스캐롤라이나주 아우터뱅크스의 해안 습지를 배경으로 마을의 인기 스타 체이스 앤드루스의 살인사건과 문명의 수혜를 받지 못한 채, 습지에서 홀로 살아남은 여자아이 카야 클라크의 성장담을 한 줄기로 엮어낸 작품이다.어느 가을 아침, 마을의 인기 스타 체이스 앤드루스가 노스캐롤라이나 해변의 습지에서 시체로 발견된다. 마을 주민들의 의심은 습지에서 홀로 살아남은 여자아이, 카야 클라크에게 향한다. 사람들은 카야를 야만인이라 여겼지만 실상은 달랐다. 오랫동안 자연을 벗 삼아 삶의 교훈을 스스로 깨친 카야는 누구..",https://bookthumb-phinf.pstatic.net/cover/150/437/15043771.jpg?type=m5
22,내게 무해한 사람,최은영,"미숙했던 지난날의 작은 모서리를 쓰다듬는 부드러운 손길『쇼코의 미소』의 작가 최은영 신작 소설집2017 젊은작가상 수상작 「그 여름」 수록 진심을 꾹꾹 눌러 담은 문장으로 “인간에 대한 이해가 깊은 소설을 쓰는 작가”(소설가 김연수), “재능 있는 작가의 탄생을 알리는 소설집”(소설가 김영하)이라는 평을 받은 강렬한 데뷔작 『쇼코의 미소』 출간 이후 2년 만에 두번째 소설집을 선보인다. 2016년 12월, 그해 나온 국내외 소설을 대상으로 소설가 50인이 뽑은 ‘올해의 소설’에 선정되는 등 문단과 독자 모두에게 뜨거운 지지를 받아온 『쇼코의 미소』는 10만 부 돌파라는 경이적인 기록을 세웠다. 신인 작가의 첫 소설집에 대한 대중의 관심은 지금도 여전히 현..",https://bookthumb-phinf.pstatic.net/cover/137/333/13733364.jpg?type=m5
23,쇼코의 미소,최은영,"“소설가로서 최은영의 가장 큰 미덕은 그게 무슨 탐구든 반드시 근사한 이야기로 들려준다는 점이다. 그녀가 앞으로 쓰게 될 근사한 이야기들이 바로 이 책에서 시작했다.” _김연수(소설가)2013년 겨울, 『작가세계』 신인상에 중편소설 「쇼코의 미소」가 당선되어 등단, 그 작품으로 다음해 젊은작가상을 수상하면서 많은 사람들에게 특별한 인상으로 다가갔던 바로 그 신인 소설가 말이다. 그러나 이 ‘특별한 인상’은, 발표한 작품이라고는 등단작 「쇼코의 미소」 한 편밖에 없는 신인 작가가, 등단한 지 채 두 달이 되지 않은 시점에 젊은작가상을 수상했다는 것만을 의미하지 않는다. 저마다의 날카로운 감식안을 지닌 소설가와 평론가들로부터 공통의 감상을 이끌어냈..",https://bookthumb-phinf.pstatic.net/cover/107/859/10785953.jpg?type=m5
24,천년의 질문 1,조정래,"어느 가을 저녁 무렵, 시사주간지 기자 장우진과 그의 대학 후배이자 사회학과 시간강사인 고석민은 종로통 한 선술집에서 오랜만에 회포를 푼다. 아내가 다니던 출판사가 폐업하자 생계에 곤란을 겪게 된 고석민은 고향 선배이자 국회의원인 윤현기가 신문 칼럼을 대신 써달라고 한 평소의 부탁을 들어주며 생계를 이어가는 중이다. 90년대 초, 대학을 다닌 두 사람은 나라가 민주화의 길로 들어서자 대학 현안에 집중해 학원 자주화 운동에 몰두하고, ‘세상바꿈동아리’를 만들어 사학 재단의 전횡을 막기 위해 함께 싸웠다. 예나 지금이나 여전히 꼿꼿한 장우진에게 윤현기의 이름으로 쓰여진 칼럼을 신문에 실어달라고 조심스럽게 부탁하는 고석민은 깊은 한숨을 내쉴 수밖에 없다.한편, 장우진이 취재 중인 성화 그룹 비자금 사건이 기사화 ..",https://bookthumb-phinf.pstatic.net/cover/149/304/14930440.jpg?type=m5
25,천년의 질문 3,조정래,"어느 가을 저녁 무렵, 시사주간지 기자 장우진과 그의 대학 후배이자 사회학과 시간강사인 고석민은 종로통 한 선술집에서 오랜만에 회포를 푼다. 아내가 다니던 출판사가 폐업하자 생계에 곤란을 겪게 된 고석민은 고향 선배이자 국회의원인 윤현기가 신문 칼럼을 대신 써달라고 한 평소의 부탁을 들어주며 생계를 이어가는 중이다. 90년대 초, 대학을 다닌 두 사람은 나라가 민주화의 길로 들어서자 대학 현안에 집중해 학원 자주화 운동에 몰두하고, ‘세상바꿈동아리’를 만들어 사학 재단의 전횡을 막기 위해 함께 싸웠다. 예나 지금이나 여전히 꼿꼿한 장우진에게 윤현기의 이름으로 쓰여진 칼럼을 신문에 실어달라고 조심스럽게 부탁하는 고석민은 깊은 한숨을 내쉴 수밖에 없다.한편, 장우진이 취재 중인 성화 그룹 비자금 사건이 기사화 ..",https://bookthumb-phinf.pstatic.net/cover/150/285/15028530.jpg?type=m5
26,천년의 질문 2,조정래,"어느 가을 저녁 무렵, 시사주간지 기자 장우진과 그의 대학 후배이자 사회학과 시간강사인 고석민은 종로통 한 선술집에서 오랜만에 회포를 푼다. 아내가 다니던 출판사가 폐업하자 생계에 곤란을 겪게 된 고석민은 고향 선배이자 국회의원인 윤현기가 신문 칼럼을 대신 써달라고 한 평소의 부탁을 들어주며 생계를 이어가는 중이다. 90년대 초, 대학을 다닌 두 사람은 나라가 민주화의 길로 들어서자 대학 현안에 집중해 학원 자주화 운동에 몰두하고, ‘세상바꿈동아리’를 만들어 사학 재단의 전횡을 막기 위해 함께 싸웠다. 예나 지금이나 여전히 꼿꼿한 장우진에게 윤현기의 이름으로 쓰여진 칼럼을 신문에 실어달라고 조심스럽게 부탁하는 고석민은 깊은 한숨을 내쉴 수밖에 없다.한편, 장우진이 취재 중인 성화 그룹 비자금 사건이 기사화 ..",https://bookthumb-phinf.pstatic.net/cover/150/285/15028529.jpg?type=m5
27,죽음 1,베르나르 베르베르,"누가 날 죽였지? 떠돌이 영혼이 자신의 죽음을 수사하다!저승과 이승을 오가는 환상적인 모험〈누가 날 죽였지?〉 소설의 주인공 가브리엘 웰즈는 이런 문장을 떠올리며 눈을 뜬다. 그는 죽음에 관한 장편소설의 출간을 앞두고 있는 인기 추리 작가다. 평소에 작업하는 비스트로로 향하던 그는 갑자기 아무 냄새도 맡을 수 없다는 사실을 깨닫고 서둘러 병원으로 향한다. 그러나 의사는 그를 없는 사람 취급하고, 거울에 모습이 비치지 않을 뿐 아니라, 창문에서 뛰어내려도 이상이 없다. 그는 죽은 것이다.가브리엘은 자신의 갑작스러운 죽음이 살인이라고 확신한다. 머릿속에는 몇몇 용의자가 떠오른다. 다행히 그는 자신의 목소리를 들을 수 있는 영매 뤼시 필리피니를 만난다. 떠돌이 영혼이 된 가브리엘은 저승에서, 영매 뤼시는 이승에서..",https://bookthumb-phinf.pstatic.net/cover/149/213/14921308.jpg?type=m5
28,죽음 2,베르나르 베르베르,"누가 날 죽였지? 떠돌이 영혼이 자신의 죽음을 수사하다!저승과 이승을 오가는 환상적인 모험〈누가 날 죽였지?〉 소설의 주인공 가브리엘 웰즈는 이런 문장을 떠올리며 눈을 뜬다. 그는 죽음에 관한 장편소설의 출간을 앞두고 있는 인기 추리 작가다. 평소에 작업하는 비스트로로 향하던 그는 갑자기 아무 냄새도 맡을 수 없다는 사실을 깨닫고 서둘러 병원으로 향한다. 그러나 의사는 그를 없는 사람 취급하고, 거울에 모습이 비치지 않을 뿐 아니라, 창문에서 뛰어내려도 이상이 없다. 그는 죽은 것이다.가브리엘은 자신의 갑작스러운 죽음이 살인이라고 확신한다. 머릿속에는 몇몇 용의자가 떠오른다. 다행히 그는 자신의 목소리를 들을 수 있는 영매 뤼시 필리피니를 만난다. 떠돌이 영혼이 된 가브리엘은 저승에서, 영매 뤼시는 이승에서..",https://bookthumb-phinf.pstatic.net/cover/149/213/14921309.jpg?type=m5
29,사하맨션,조남주,"21세기의 언어로 그린 비참한 사람들의 이야기!《82년생 김지영》으로 한국 사회 젠더감수성에 새로운 이정표를 제시한 조남주가 첨단의 시대가 조장하는 공동체의 붕괴와 새로운 공동체의 탄생을 그린 장편소설 『사하맨션』. 기업의 인수로 탄생한 기묘한 도시국가와 그 안에 위치한 퇴락한 맨션을 배경으로 펼쳐지는 이야기를 담은 작품으로, 발전과 성장이 끌어안지 않는 거부당한 사람들의 절망감을 통해 소외된 삶의 현재와 미래를 상상한다.기업이 한 도시를 인수한다. 도시는 본국으로부터 독립, 세상에서 가장 작고 이상한 도시국가로 변모한다. 밖에 있는 누구도 쉽게 들어올 수 없고 안에 있는 누구도 나가려 하지 않는 비밀스럽고 폐쇄적인 이곳을 사람들은 타운이라 부른다. 안전하고 부유하며 높은 삶의 질을 보장하는 타운에는 두 종..",https://bookthumb-phinf.pstatic.net/cover/149/316/14931638.jpg?type=m5
30,"진이, 지니",정유정,"새롭고, 경쾌하고, 자유로운 이야기로 돌아온 정유정이 펼쳐낸 또 다른 세계!「악의 3부작」이라고도 불리는 《7년의 밤》, 《28》, 《종의 기원》을 통해 인간 내면의 어두운 숲을 탐색하는 고도의 긴장감과 극한의 드라마를 그려온 정유정이 3년 만에 선보이는 신작 장편소설 『진이, 지니』. 인간과 가장 흡사한 DNA를 가진 영장류 보노보와 영장류연구센터 사육사가 주고받는 교감을 깊이 있게 그려낸 작품이다. 처음으로 여성을 주인공으로 내세우고, 판타지 장르를 차용하여 이제껏 선보여온 것과는 확연히 다른 방식으로 이야기를 풀어가며 한 편의 감동 서사를 만들어냈다.유인원 책임사육사로서 마지막 출근을 한 진이는 예상치 못한 침팬지 구조 요청을 받고 스승 장 교수와 함께 인동호 주변에 있는 한 별장으로 향한다. 구조 작..",https://bookthumb-phinf.pstatic.net/cover/149/590/14959068.jpg?type=m5
31,사일런트 페이션트,알렉스 마이클리디스,"남편을 살해한 후 굳게 입을 닫은 여인!사람의 마음에 생겨나는 어두운 감정을 심리 스릴러라는 장르를 통해 탁월하게 그려낸 『사일런트 페이션트』. 그리스 비극에 대한 해박한 지식, 정신병원에서 근무했던 경험, 그리고 시나리오 작가로서의 능력을 한데 섞어 완성해낸 데뷔작이다. 에우리피데스의 그리스 비극 《알케스티스》의 내용 일부로 시작되는 이 소설은 남편을 살해한 후 실어증에 걸린 화가 앨리샤 베런슨을 범죄 심리상담가 테오 파버가 치료를 맡으면서 벌어지는 이야기를 담고 있다.남편인 아드메토스를 대신해 기꺼이 목숨을 내준 알케스티스는 헤라클레스의 도움으로 지옥에서 되돌아오지만 살아난 이후로 침묵을 지킨다. 저자는 죽음에서 살아왔지만 더 이상 입을 열지 않았던 알케스티스의 이야기에서 여주인공 앨리샤 베런슨을 창조해..",https://bookthumb-phinf.pstatic.net/cover/149/310/14931076.jpg?type=m5
32,숨,테드 창,"4번의 휴고상, 4번의 네뷸러상, 4번의 로커스상.전 세계가 기다려온 테드 창의 귀환최고의 SF에 수여되는 모든 상을 석권하며 전 세계 21개 언어로 번역 출간된 『당신 인생의 이야기』의 작가, 테드 창의 두 번째 작품집이다. 2002년 『당신 인생의 이야기』를 출간한 이래 17년 만에 펴내는 소설집으로, 로커스상, 휴고상, 영국과학소설협회상을 수상한 표제작인「숨」을 비롯해 총 9편의 중 · 단편이 수록되어 있다. 그중 「옴팔로스」「불안은 자유의 현기증」은 최초 공개되는 신작 단편이다.『숨』은 전 세계 12개국에 번역 계약되었다.낯선 테크놀로지가 넘쳐나는 새로운 세상을 앞둔 우리에게 독보적 상상력과 예언적 통찰로 무장한 소설가가 던지는 질문.&..",https://bookthumb-phinf.pstatic.net/cover/148/504/14850494.jpg?type=m5
33,빛과 물질에 관한 이론,앤드루 포터,"데뷔작만으로 미국 현대 문학의 기수로 떠오른 앤드루 포터의 첫 소설집팟캐스트 [김영하의 책 읽는 시간]에 소개된 후 수많은 작가들의 교본이 된 바로 그 책 데뷔작 하나만으로 일약 미국 단편 문학의 신성新星으로 떠오른 앤드루 포터. 그의 데뷔작 『빛과 물질에 관한 이론』이 문학동네에서 출간되었다. 『빛과 물질에 관한 이론』은 섬세한 문체로 깊은 울림을 이끌어내는 열 편의 단편소설이 실린 소설집으로, 단편 부문 플래너리 오코너상을 수상했다. 또한 스티븐 터너상, 패터슨상, 프랭크 오코너상, 윌리엄 사로얀상 최종 후보에 오르고 출간된 해 포워드 매거진, 캔자스시티 스타, 샌안토니오 익스프레스 등에서 ‘올해의 책’으로 선정되기도 했다. 언론의 반응도 뜨거웠는데, 인디펜던스는 “현재 ..",https://bookthumb-phinf.pstatic.net/cover/148/684/14868424.jpg?type=m5
34,빨강 머리 앤,루시 모드 몽고메리,"TV 애니메이션 에피소드를 넘어서 꼭 읽어봐야 할 고전!TV 애니메이션 원화와 함께 읽는 「더모던 감성클래식」 두 번째 이야기 『빨강 머리 앤』. 초록 지붕 집에 실수로 입양된 고아 앤 셜 리가 엉뚱한 상상력과 긍정의 에너지로 어려움들을 돌파해 가는, 명랑하고 엉뚱하고 유쾌한 성장소설이다. 루시 M. 몽고메리의 자전적 삶이 녹아 있어서 등장인물 묘사가 생생하고, 특히 서정적인 자연을 서술한 문장들이 탁월하다. 캐나다 프린스에드워드 섬의 시골 마을 에이번리, 거기서도 가장 외딴 농장에 사는 매슈와 마릴라 커스버트 남매에게 중대한 시련이 닥친다. 농장 일을 도울 남자아이를 입양하려고 했는데, 삐쩍 마른 빨강 머리 여자아이가 나타난 것이다. 아이는 이름이 ‘끝에 e가 붙는 앤’이지만 ‘코딜리어’라고 불러달라거나,..",https://bookthumb-phinf.pstatic.net/cover/148/611/14861192.jpg?type=m5
35,2019 제10회 젊은작가상 수상작품집,"박상영, 김희선, 백수린, 이주란, 정영수, 김봉곤, 이미상","“‘지금-여기’의 한국소설과 만나는가장 확실한 패스트 트랙”등단 10년 이하의 젊은 작가들이 한 해 동안 발표한 중단편소설 가운데 가장 뛰어난 일곱 편을 선정해 수여하는 젊은작가상. 2010년에 제정된 이래로 새로운 세대의 새로운 글쓰기를 조명하며 ‘지금-여기’의 한국소설과 만나는 가장 확실한 패스트 트랙의 역할을 해온 젊은작가상의 2019년 제10회 수상 작가는 박상영 김희선 백수린 이주란 정영수 김봉곤 이미상이다. 작년에 이어 연속해서 수상자가 된 박상영과 정영수, 올해로 세번째 수상 명단에 이름을 올린 백수린, 그리고 한국소설의 밝은 미래를 예감케 하는 작품들을 활발히 써내고 있는 김희선, 이주란, 김봉곤, 여기에 힘있는 데뷔작으로 젊은작가상을 수상한 신인 작가 이미상까..",https://bookthumb-phinf.pstatic.net/cover/147/218/14721847.jpg?type=m5
36,젊은작가상 수상작품집 10주년,"편혜영, 김애란, 손보미, 이장욱, 황정은","한국소설의 내일을 담당할 젊은 작가들의 젊은 소설!한 해 동안 발표한 중단편소설 중 빛나는 성취를 보여준 작품에 수여하는 문학동네 젊은작가상. 2010년 제정된 ‘젊은작가상’은 열정과 패기로 충만한 한국 문단의 젊은 작가들을 대상으로, 등단 십 년 이내의 작가들로 제한하여 그동안 집중적으로 조명되지 않은 개성에 주목해 매해 일곱 편의 수상작을 선정해왔다. 『젊은작가상 수상작품집 10주년 특별판』은 올해로 10주년을 맞이한 젊은작가상의 성취와 취지를 알리고, 그동안의 수상작을 새로이 조명하기 위해 선보이는 작품집으로, 젊은작가상 10년의 풍성한 결실을 만나볼 수 있다.1회부터 10회까지 총 43명의 역대 수상 작가에게 1회부터 9회까지의 63편의 수상작 가운데 가장 좋아하는 작품 3편을 추천받아 가장 많은 추..",https://bookthumb-phinf.pstatic.net/cover/147/218/14721856.jpg?type=m5
37,인어가 잠든 집,히가시노 게이고,"지금 이 아이의 가슴에 칼을 꽂는다면, 그래서 아이의 심장이 멈춘다면, 딸을 죽인 사람은 저입니까?‘인간이란 무엇이며 삶과 죽음, 사랑의 정의는 무엇인가’라는 난제에 도전한 히가시노 게이고의 휴먼 미스터리 『인어가 잠든 집』. 히가시노 게이고의 작가 데뷔 30주년을 기념해 2015년에 발표된 이 작품은 어느 날 갑자기 사랑하는 딸에게 닥친 뇌사라는 비극에 직면한 부부가 겪는 가혹한 운명과 불가피한 선택, 그리고 충격과 감동의 결말을 그리고 있다.딸 미즈호의 초등학교 입학을 앞두고 그때까지 이혼을 잠시 미루기로 한 IT 기업 하리마 테크를 운영하는 가즈마사와 그의 아내 가오루코. 어느 날 딸이 수영장에서 물에 빠져 의식불명 상태가 되고, 의사는 사실상의 뇌사를 선언한 후 조심스럽게 장기 기증 의사를 타진한다...",https://bookthumb-phinf.pstatic.net/cover/145/646/14564623.jpg?type=m5
38,마력의 태동,히가시노 게이고,"인류 미지의 미스터리에 도전한 히가시노 게이고!히가시노 게이고 작가 데뷔 30주년 기념작 《라플라스의 마녀》의 프리퀄 『마력의 태동』. 그동안 치밀한 트릭과 반전이 빛나는 본격 추리소설부터 우리 시대의 문제점을 파고든 사회파 작품, 서스펜스, 판타지, SF에 이르기까지 다양한 장르를 오가며 미스터리의 경계를 넓혀온 히가시노 게이고, 30년 미스터리를 모두 담은 《라플라스의 마녀》의 시리즈화를 바랐던 많은 독자들의 기대에 부응하는 이 작품은 자연의 움직임을 읽는 신비한 소녀가 일으키는 기적을 그리고 있다.침구사 구도 나유타는 스키 점프 선수의 치료차 나선 출장길에서 우연히 마도카라는 소녀를 만나게 된다. 천재 뇌의학자 우하라 박사의 딸로, 7년 전 홋카이도에서 발생한 토네이도 사고 당시 현장에 있었던 소녀는 ..",https://bookthumb-phinf.pstatic.net/cover/144/590/14459016.jpg?type=m5
39,옥상에서 만나요,정세랑,"정세랑 월드의 시작점이자 정수!신선한 상상력과 다정한 문장으로 정확한 위로를 건네는 작가 정세랑의 첫 번째 소설집 『옥상에서 만나요』. 장편소설 《이만큼 가까이》로 창비장편소설상을, 《피프티 피플》로 한국일보문학상을 수상하며 한국 장편소설에 새로운 활력을 더하고 있는 저자가 2010년 작품 활동을 시작한 이래 8년 만에 선보이는 소설집으로, 결혼과 이혼, 뱀파이어, 돌연사 등 다양한 소재를 통해 신선하고도 경쾌한 상상력을 펼쳐놓는다.직장에서 부조리한 노동과 성희롱에 시달리며 늘 옥상에서 뛰어내리고 싶다는 충동을 느끼는 ‘나’가 회사 언니들의 주술비급서를 물려받고서 마침내 절망에서 빠져나오는 이야기를 담은 표제작 《옥상에서 만나요》, 한 벌의 드레스를 빌려 입고 결혼한 혹은 결혼할 44명의 여성들의 이야기를 ..",https://bookthumb-phinf.pstatic.net/cover/141/354/14135407.jpg?type=m5
40,아가씨와 밤,기욤 뮈소,"사랑이라는 이름으로 포장된 뒤틀린 욕망을 그리다!끊임없이 변신을 모색해온 작가 기욤 뮈소가 한국에서 15번째로 출간하는 장편소설 『아가씨와 밤』. 판타지, 로맨스, 스릴러가 복합적으로 가미된 소설을 써오다가 근래 들어 스릴러의 비중을 높인 저자가 선보이는 이번 소설은 판타지적인 요소는 없지만 흥미진진한 스토리와 강렬한 서스펜스로 기욤 뮈소 스릴러의 정점에 있는 작품으로 평가받는다.1992년 12월, 코트다쥐르에 소재한 생텍쥐페리 국제고등학교 캠퍼스. 수십 년 만에 최고의 적설량을 기록한 폭설과 한파로 학교는 온통 꽁꽁 얼어붙었고, 기숙사와 관사에는 대입 시험을 준비하는 몇몇 학생과 미처 고향으로 떠나지 못한 교사들만이 남아 있을 뿐이다. 그 당시 학교에는 누구나 사귀고 싶어 하는 빙카와 철학 선생 알렉시가 ..",https://bookthumb-phinf.pstatic.net/cover/142/033/14203371.jpg?type=m5
41,인생 우화,류시화,"오랜만에 우화 읽는 재미를 선물하는류시화 시인의 신작 우화집“인생의 조언이 필요하세요? 바보들의 마을, 헤움으로 오세요.”독특한 그림, 개성 뚜렷한 주인공들, 의미 가득한 이야기세상의 바보들이 한 장소에 모여 살면 어떤 일이 일어날까? 자신이 누구인지 확인하기 위해 손목에 묶은 붉은색 끈이 사라지자 자신을 찾아 헤매는 빵장수, 다른 도시로 여행을 떠났으나 도중에 방향을 잘못 잡아 자기가 사는 마을로 돌아와서는 그곳이 자기 마을과 꼭 닮은 다른 도시라고 믿는 구두 수선공, 실수로 창문을 만들지 않은 캄캄한 교회당을 밝히기 위해 손바닥으로 햇빛을 나르는 신도들, 해시계가 눈비에 손상될 것을 염려해 큰 지붕을 만들어 하늘을 가리는 사람들, 진실을 구입하러 다른..",https://bookthumb-phinf.pstatic.net/cover/137/861/13786185.jpg?type=m5
42,날씨가 좋으면 찾아가겠어요,이도우,"시골 마을의 낡은 기와집에 자리한 작은 서점을 중심으로 한 용서와 치유 그리고 사랑!《사서함 110호의 우편물》의 저자 이도우가 《잠옷을 입으렴》 이후 6년 만에 펴낸 장편소설 『날씨가 좋으면 찾아가겠어요』. 유년 시절 산에 살았던 어떤 소년, 인생 첫 단골 서점, 미로 같았던 반년간의 여름날, 새벽이 가까울 무렵 올라오는 야행성 사람들의 SNS 글 등 때로는 스쳐 간, 더 많이는 온전히 남은 삶의 여러 조각을 모아 만든 작품으로 서로에게 많이 미안한 이들이 오랫동안 하지 못했던 말들을 세월이 흐른 후 비로소 용기 내어 전하는 이야기를 담고 있다.미대입시학원에서 그림을 가르치던 해원은 학생과의 불화를 계기로 일을 그만두고 펜션을 운영하는 이모 곁에서 한동안 지내기로 한다. 열다섯 살 그 일 이후로 사람에게 ..",https://bookthumb-phinf.pstatic.net/cover/137/661/13766151.jpg?type=m5
43,모스크바의 신사,에이모 토울스,"세련되고 우아한 태도, 인간적 매력으로 무장한 채 메트로폴 호텔을 찾는 사람들의 마음을 사로잡는 백작!버락 오바마 전 미국 대통령이 2017년 추천도서로 소개해 화제가 된 에이모 토울스의 소설 『모스크바의 신사』. 40대의 다소 늦은 나이에 첫 장편소설 《우아한 연인》을 발표하며 고전 문학을 연상시키는 작풍, 현대적이고 세련된 분위기, 매력 있는 등장인물을 잘 접목시킨 작품으로 상업적 성공과 문학적 성취를 모두 이뤄내며 괴물 신인으로 주목받은 저자가 4년 만에 발표한 두 번째 소설이다.두 번의 혁명 이후 1920년대 러시아, 서른세 살의 알렉산드로 로스토프 백작은 모스크바의 메트로폴 호텔을 벗어날 경우 총살형에 처한다는 종신 연금형을 선고받는다. 프롤레타리아의 시대에서 제거되어야 마땅한 신분이지만 혁명에 동..",https://bookthumb-phinf.pstatic.net/cover/137/440/13744081.jpg?type=m5
44,참을 수 없는 존재의 가벼움,밀란 쿤데라,"“그들은 서로 사랑했는데도상대방에게 하나의 지옥을 선사했다.”매해 노벨 문학상 후보 목록에 오르는 작가인 동시에 인터뷰나 대외 활동을 자제하고 은둔을 자처하는 작가. 체코 출신으로 ‘프라하의 봄’을 직접 경험하고 집필 및 판매 금지 등 정치적 박해를 피해 프랑스로 망명한 작가. 현재에서 멀지 않은 20세기 작가이지만 이미 살아 있는 신화가 된 작가. 밀란 쿤데라에 대한 한국인의 사랑은 특별하다. 대표작 『참을 수 없는 존재의 가벼움』의 국내 총 판매량 100만 부에 달하며, 민음사에서는 밀란 쿤데라 전집(총 15권)을 출간하기도 했다. 쿤데라를 사랑하는 독자는 광고인 박웅현, 피아니스트 김대진, 화가 황주리, 소설가 김영하, 김연수 등 각계각층에서 다양하다. 특히 지난 2016년에는 네이버 ‘지식인의 서재’..",https://bookthumb-phinf.pstatic.net/cover/137/463/13746314.jpg?type=m5
45,경애의 마음,김금희,"경애(敬愛)의 마음을 배워나가며 스스로 단단해져가는 사람들의 이야기!2014년 첫 번째 소설집 《센티멘털도 하루 이틀》로 신동엽문학상을, 2016년 《너무 한낮의 연애》로 젊은작가상 대상을 수상하며 한국문학의 기대주로 급부상한 김금희의 첫 번째 장편소설 『경애의 마음』. 고등학교 시절 호프집 화재 사건에서 운 좋게 살아남은 경애와 같은 사고 현장에서 단 한명의 소중한 친구를 잃은 상수가 만나며 시작되는 소설로, 한 가지 독법으로 해석할 수 없을 만큼 보는 각도에 따라 다양한 이야기를 읽어낼 수 있는 수작이다.연인과 이별하고 씻는 일조차 할 수 없는 깊은 무기력에 빠진 경애가 그 잔인했던 여름 내내 그나마 할 수 있는 일은 연애를 상담하는 페이스북 페이지에 편지를 쓰는 것이었다. 그런데 심상한 솔루션을 답신으..",https://bookthumb-phinf.pstatic.net/cover/136/085/13608503.jpg?type=m5
46,고양이 2,베르나르 베르베르,"베르베르가 이번에는 고양이의 눈으로 인간의 미래를 바라본다한국인이 가장 사랑하는 작가 1위(2016년 3월, 교보문고 최근 10년간 국내외 작가별 소설 누적 판매량 집계), 베르나르 베르베르의 신작 장편소설 『고양이』(전2권)가 전문 번역가 전미연 씨의 번역으로 열린책들에서 출간되었다. 『고양이』는 제목 그대로 주인공인 고양이의 시각에서 인간의 문명을 바라보는 작품으로, 프랑스에서는 작년 한국에서도 베스트셀러가 되었던 ?잠?보다 높은 인기를 누렸다(프랑스에서 현재까지 30만 부 판매). 파리에서 살고 있는 암고양이 바스테트. 그녀는 ‘집사’가 틀어 놓은 TV 화면과 점점 잦아지는 골목길의 총성을 통해 그동안 당연시하던 안락한 일상이 조금씩 무너지고 있음을 감지하게 된다. 이 무렵 바스테트는 옆집에 이사 온,..",https://bookthumb-phinf.pstatic.net/cover/136/085/13608567.jpg?type=m5
47,고양이 1,베르나르 베르베르,"고양이의 눈으로 바라본 인간의 미래!베르나르 베르베르의 신작 장편소설 『고양이』 제1권. 파리에서 살고 있는 암고양이 바스테트의 시각에서 인간의 문명을 바라보는 작품이다. 인간이 상상하기 어려운 타자의 시각을 도입하여, 인간 중심주의를 해체하고 이 지구에서 인간이 차지해야 할 적절한 위치를 끊임없이 고민해 온 저자의 문제의식이 그동안 좀 더 성숙해지고 발전해 왔음을 알게 된다. 테러가 일상화되고 내전의 조짐이 보이는 파리. 몽마르트르에서 집사인 나탈리와 함께 사는 암고양이 바스테트는 어느 날 옆집에 사는 천재 샴 고양이 피타고라스를 만난다. 한때 실험동물이었던 피타고라스는 머리에 USB 단자가 꽂혀 있어 인터넷을 통해 방대한 지식을 갖춘 지적인 고양이다. 피타고라스에게서 인류와 고양이의 역사를 배우며 점차 ..",https://bookthumb-phinf.pstatic.net/cover/136/085/13608565.jpg?type=m5
48,파과,구병모,"짧은 시간 빛나다 사라질 살아 있는 모든 것들에 대한 뜨거운 찬사!한국 소설에서 유례를 찾을 수 없는 60대 여성 킬러라는 독특한 캐릭터를 통해 새로운 여성 서사를 써내려가며 독자들에게 신선한 충격을 던져준 구병모의 소설 『파과』를 다시 만나본다. 40여 년간 날카롭고 냉혹하게 청부 살인을 업으로 삼아온 60대 여성 킬러 ‘조각(爪角)’. 한때 ‘손톱’으로 불리던 그녀는 40여 년간 청부 살인을 업으로 삼으며, 날카롭고 빈틈없는 깔끔한 마무리로 방역 작업을 처리해왔다. 하지만 몸도 기억도 예전 같지 않게 삐걱거리면서 이제는 퇴물 취급을 받는다.노화와 쇠잔의 과정을 겪으며, 지켜야 할 건 만들지 말자고 평생을 되뇌어온 조각의 마음속에 어느새 지키고 싶은 것들이 하나둘 생겨난다. 버려진 늙은 개를 데려다 키우는..",https://bookthumb-phinf.pstatic.net/cover/135/421/13542128.jpg?type=m5
49,멋진 신세계,올더스 헉슬리,"디스토피아 소설의 대표적인 작품!시의성이 있는 책, 오래 사랑받은 고전 작품을 선정하여 독자들에게 선보이는 「에디터스 컬렉션」 제2권 『멋진 신세계』. 올더스 헉슬리의 대표작으로 20세기 기계문명의 발달과 과학의 진보가 전체주의 사상과 밀착될 때 어떤 비극이 초래될 수 있는가를 보여주는 작품이다.저자는 오늘날 우리가 당연하게 여기고 있는 기계문명이 극한까지 발달하고 인간 스스로가 발명한 과학의 성과 앞에 노예로 전락하여, 마침내 모든 인간 가치와 존엄성을 상실하는 지경에 도달하는 비극을 예언한다. 그리고 희생이 뒤따르지 않는 진보는 결코 가능하지 않다는 저자의 주장은 그의 역사관과 문명관의 핵심을 이루면서 기계문명의 발달에 도취된 현대인들을 통렬히 공격한다.",https://bookthumb-phinf.pstatic.net/cover/134/454/13445422.jpg?type=m5
50,회색 인간,김동식,"그동안 없던 작가의 탄생! [오늘의 유머] 공포게시판에서 많은 이들의 호응을 얻었던 김동식의 소설집(전3권)이 출간되었다. 작가는 10년 동안 공장에서 노동하면서 머릿속으로 수없이 떠올렸던 이야기들을 거의 매일 게시판에 올렸다. 김동식 소설집(전3권)은 그렇게 써내려간 300편의 짧은 소설 가운데 66편을 추려 묶은 것이다. 갑자기 펼쳐지는 기묘한 상황, 그에 대응하는 인간들의 행태는 우리가 예상치 못한 방향으로 전개되며 이야기에 빠져들게 한다. 농담처럼 가볍게 읽히지만, 한참을 곱씹게 만드는 매력이 있는 작품들이다.",https://bookthumb-phinf.pstatic.net/cover/130/093/13009319.jpg?type=m5
51,데미안,헤르만 헤세,"20세기 독일 문학가들 가운데 우리나라 독자들에게 가장 잘 알려진 작가를 꼽으라고 한다면 단연 헤르만 헤세일 것이다. 내면의 탐구자이자 자아 성찰의 대표 작가인 헤르만 헤세는 휴머니즘을 지향하며, 고뇌하는 청춘과 자연에 대한 동경, 인간의 양면성 등을 작품에 담았다. 도서출판 더스토리는 헤르만 헤세 탄생 140주년을 기념하여 헤르만 헤세의 대표작인 《데미안》을 초호화 패브릭 양장으로 제작하였다. 패브릭 특유의 고급스러운 색감과 감촉뿐만 아니라 1919년 출판된 독일 피셔 출판사의 초판본 표지디자인을 그대로 되살려 소장 가치를 한층 높였다. 또한 실로 꿰맨 정통적인 사철 제본을 통해 책의 내구성을 높이고 펼쳐 읽기도 편하게 만들었으며, 독일의 대표적 표지 제작 방식 중 하나인 초코박을 재현하여 오리지널 초판본..",https://bookthumb-phinf.pstatic.net/cover/127/575/12757598.jpg?type=m5
52,봉제인형 살인사건,다니엘 콜,"하나로 꿰매진 몸통, 여섯 명의 희생자!2016년 4월 런던 도서전에서 가장 큰 주목을 받은 다니엘 콜의 데뷔작 『봉제인형 살인사건』. 《데렐 가족》을 히트시킨 ITV사가 TV판권을 획득하며 영국에서 드라마화 제작 확정된 이 작품은 신체의 여섯 부위를 바늘과 실로 꿰매 이어 붙인 살인사건이라는 섬뜩한 소재를 다루면서도 진정한 정의가 무엇인지에 대해 생각하게 만드는 작품이다.런던의 허름한 아파트에서 신체의 여섯 부위를 꿰매서 이어 붙인 시신 한 구가 발견된다. 각 신체 부위는 서로 다른 사람의 몸에서 가져온 것이므로, 희생자는 총 여섯 명이다. 여섯 명의 희생자가 누구인지, 그들의 공통점은 무엇인지에 대해 어떠한 단서도 없어 수사가 미궁에 빠질 무렵, 또 다른 편지 한 통이 울프 형사에게 전달된다. 편지에는 ..",https://bookthumb-phinf.pstatic.net/cover/126/616/12661649.jpg?type=m5
53,어린 왕자,생텍쥐페리,"『어린 왕자』는 하나하나의 문장이 시(詩)만큼 간결하고 정교하게 구축된 작품이다. 작품 전체가 주는 감동과 여운은 생텍쥐페리의 그 같은 시적 정서에 크게 의존한다. 이정서는 불어·영어·한국어 번역 비교를 통해 [어린 왕자]의 세계를 정밀하고 섬세하게 파고들었다. 기존 역자들이 TU와 VOUS의 구분을 무시한 채 임의로 번역했던 것을 바로잡아 불어의 뉘앙스를 그대로 살렸으며, 아침의 ‘BONJOUR’도 ‘안녕’ 저녁의 ‘BONSOIR’도 ‘안녕’ 하는 식으로 번역함으로써 작품의 시간적 배경을 배제시켜온 기존 번역의 오류도 바로잡았다. 이제 바르고 정확한 문장들로 쓰인 번역을 통해 생텍쥐페리가 [어린 왕자]를 통해 지구인들에게 선사하려던 메시지와 감동을 온전하게 파악하고 깊게 느낄 수 있다.",https://bookthumb-phinf.pstatic.net/cover/125/567/12556719.jpg?type=m5
54,용의자 X의 헌신,히가시노 게이고,"백 퍼센트의 사랑, 백 퍼센트의 헌신……추리 소설 역사상 가장 처절하고 가장 아름다운 한 편의 서사시히가시노 게이고 문학의 정수로 일컬어지는 『용의자 X의 헌신』이 새롭게 번역되어 출간됐다. 일본 문학 전문 번역가 양억관 씨가 자신의 번역을 대폭 손질해 원작이 지닌 문학적 향기와 감동을 오롯이 되살려 냈다. 『용의자 X의 헌신』은 명실상부 히가시노 게이고의 출세작이자 대표작으로 평가되는 장편 미스터리 소설이다. 출간된 해에[주간 문춘 미스터리 베스트 10] 1위를 수상한 것을 시작으로 이듬해 [본격 미스터리 대상] 1위, [이 미스터리가 대단하다] 1위를 차지했으며, 급기야 일본의 대표적인 문학상인 제134회 나오키 상을 거머쥐었다. 2008년 일본에서 ..",https://bookthumb-phinf.pstatic.net/cover/124/818/12481857.jpg?type=m5
55,노르웨이의 숲,무라카미 하루키,"“나를 언제까지나 잊지 마, 내가 여기 있었다는 걸 기억해 줘.”하루키 월드의 빛나는 다이아몬드무라카미 하루키를 만나기 위해 가장 먼저 읽어야 할 책!페이지를 처음 펼치는 오늘의 젊음들에게, 그리고 오랜 기억 속에 책의 한 구절을 간직하고 있는 어제의 젊음들에게, 한결같은 울림으로 예민하고 섬세한 청춘의 감성을 전하며 영원한 필독서로 사랑받고 있는 무라카미 하루키의 대표작 『노르웨이의 숲』. 1989년 『상실의 시대』라는 제명으로 처음 출간된 이래 우리 출판 사상 최장기 베스트셀러를 기록하며 하나의 사건으로 남은 소설, 『노르웨이의 숲』이 민음사 세계문학전집에 이어 단행본으로 출간되었다. 1960년대 말 고도성장기 일본을 배경으로, ..",https://bookthumb-phinf.pstatic.net/cover/124/287/12428742.jpg?type=m5
56,바깥은 여름,김애란,"우리를 실망시키지 않는 작가 김애란이 선보이는 일곱 편의 마스터피스!김애란이 돌아왔다. 작가생활 15년간 끊임없이 자신을 경신해오며, 지금 우리가 발 딛고 서 있는 곳의 이야기를 우리의 언어로 들었을 때 느끼게 되는 친밀감과 반가움, 그 각별한 체험을 선사해온 저자가 《비행운》 이후 5년 만에 펴내는 신작 소설집 『바깥은 여름』. 제37회 이상문학상 수상작 《침묵의 미래》, 제8회 젊은작가상 수상작 《어디로 가고 싶으신가요》를 포함한 일곱 편의 작품들을 만나볼 수 있다.소설집의 문을 여는 작품 《입동》은 사고로 아이를 잃은 젊은 부부의 부서진 일상을 따라가며 독자로 하여금 타인의 아픔에 공감하다가도, 그 고통이 감당 가능한 범위를 넘어섰을 때는 고개 돌려 외면해버리는 우리 자신의 모습을 상기하게 만든다. 십..",https://bookthumb-phinf.pstatic.net/cover/121/433/12143302.jpg?type=m5
57,오직 두 사람,김영하,"모두 잃으며 살아가는 우리에게 김영하가 전하는 일곱 편의 이야기!《무슨 일이 일어났는지 아무도》 이후 7년 만에 펴낸 김영하의 소설집 『오직 두 사람』. 다채로운 스펙트럼으로 한국문학의 지평을 확장해온, 이른바 ‘김영하 스타일’이 총망라된 작품집이다. 무언가를 상실한 사람들, 그리고 상실 이후의 삶을 살아가는 이들의 이야기를 담은 일곱 편의 작품이 담겨 있다. 한 인간 내면의 복합적인 감정부터 다종다양한 관계의 모순, 더 나아가 소위 신의 뜻이라 비유되는 알 수 없는 상황에 처한 인간의 고뇌까지 담아낸 이야기를 만나볼 수 있다.저자는 2014년 겨울에 발표한, 제9회 김유정문학상 수상작 《아이를 찾습니다》를 기점으로 그전과 그 후의 삶과 소설 모두 달라졌다고 말한다. 그해 4월에는 모두가 알고 있는 비극적 ..",https://bookthumb-phinf.pstatic.net/cover/120/716/12071674.jpg?type=m5
58,아몬드,손원평,"괴물인 내가 또 다른 괴물을 만났다!영화와도 같은 강렬한 사건과 매혹적인 문체로 시선을 사로잡는 한국형 영 어덜트 소설 『아몬드』. 타인의 감정에 무감각해진 공감 불능인 이 시대에 큰 울림을 주는 이 작품은 감정을 느끼지 못하는 한 소년의 특별한 성장을 그리고 있다. 감정을 느끼는 데 어려움을 겪는 열여섯 살 소년 선윤재와 어두운 상처를 간직한 곤이, 그와 반대로 맑은 감성을 지닌 도라와 윤재를 돕고 싶어 하는 심 박사 사이에서 펼쳐지는 이야기가 우리로 하여금 타인의 감정을 이해한다는 것이 얼마나 어려운 일인지, 그럼에도 그것이 얼마나 소중한 일인지 다시 한 번 생각해 볼 기회를 전한다.감정 표현 불능증을 앓고 있는 열여섯 살 소년 선윤재. ‘아몬드’라 불리는 편도체가 작아 분노도 공포도 잘 느끼지 못하는 ..",https://bookthumb-phinf.pstatic.net/cover/118/022/11802243.jpg?type=m5
59,돌이킬 수 없는 약속,야쿠마루 가쿠,"응징과 용서의 진정한 의미는 무엇인가!주인공이 과거에 저지른 죄, 그리고 15년 전에 했던 어떤 약속을 둘러싸고 벌어지는 미스터리를 그린 야쿠마루 가쿠의 소설 『돌이킬 수 없는 약속』. 자신이 일하던 가게의 손님이었던 오치아이의 제안으로 바를 겸하는 레스토랑의 공동경영자가 된 무카이. 그는 지금 과거의 삶을 버리고, 믿을 수 있는 파트너와 자신의 성(城)을 새롭게 구축하였다. 사랑하는 가족과 함께 소박하지만 평온한 삶을 누리고 있다.그러던 어느 날, 버려버린 과거에서 도착한 한 통의 편지가 예전에 봉인한 기억을 되살린다. '그들은 지금 교도소에서 나왔습니다.' 편지지에는 그 한 줄만 적혀 있었다. 사람이 죄를 지으면 어떻게 그 대가를 치러야 할까? 죄를 한 번 저지르면 그 사람은 영원히 행복해질 수 없고 새..",https://bookthumb-phinf.pstatic.net/cover/116/111/11611116.jpg?type=m5
60,피프티 피플,정세랑,"우리를 닮은 50명의 주인공이 들려주는 삶의 슬픔과 감동!정세랑의 장편소설 『피프티 피플』. 2016년 1월부터 5월까지 창비 블로그에서 연재되었던 작품으로 수도권의 한 대학병원을 중심으로 느슨하게, 또는 단단하게 연결된 50명의 이야기를 담고 있다. 50개의 장으로 구성된 소설 속에서 병원 안팎의 한 사람 한 사람이 처한 곤경과 갑작스럽게 겪게 되는 사고들, 그들이 안고 있는 고민들이 흥미진진하면서도 감동적으로 펼쳐진다.의사와 환자로, 환자의 가족으로, 가족의 친구로 긴밀하고 짜임새 있기도 하지만 전혀 관계가 없는 50명의 인물들이 서로를 마주치는 순간의 경이로움을 그려냈다. 꼼꼼한 취재와 자문을 통해 의사와 간호사뿐 아니라 보안요원, 이송기사, 임상시험 책임자, 공중보건의 등의 사연과 함께 응급실, 정신..",https://bookthumb-phinf.pstatic.net/cover/113/062/11306271.jpg?type=m5
61,82년생 김지영,조남주,"공포, 피로, 당황, 놀람, 혼란, 좌절의 연속에 대한 한국 여자의 인생 현장 보고서!문학성과 다양성, 참신성을 기치로 한국문학의 미래를 이끌어 갈 신예들의 작품을 엄선한 「오늘의 젊은 작가」의 열세 번째 작품 『82년생 김지영』. 서민들의 일상 속 비극을 사실적이면서 공감대 높은 스토리로 표현하는 데 재능을 보이는 작가 조남주는 이번 작품에서 1982년생 '김지영 씨'의 기억을 바탕으로 한 고백을 한 축으로, 고백을 뒷받침하는 각종 통계자료와 기사들을 또 다른 축으로 삼아 30대를 살고 있는 한국 여성들의 보편적인 일상을 완벽하게 재현한다.슬하에 딸을 두고 있는 서른네 살 김지영 씨가 어느 날 갑자기 이상 증세를 보인다. 시댁 식구들이 모여 있는 자리에서 친정 엄마로 빙의해 속말을 뱉어 내고, 남편의 결혼..",https://bookthumb-phinf.pstatic.net/cover/112/111/11211133.jpg?type=m5
62,종의 기원,정유정,"놀라운 통찰력으로 ‘악’의 심연을 치밀하게 그리다!펴내는 작품마다 압도적인 서사와 폭발적인 이야기의 힘으로 많은 독자들의 뜨거운 사랑을 받아온 작가 정유정의 장편소설 『종의 기원』. 전작 《28》 이후 3년 만에 펴낸 이 작품에서 정유정의 상상력은 전혀 다른 방향에서 빛을 발한다. 미지의 세계가 아닌 인간, 그 내면 깊숙한 곳으로 독자들을 초대한다. 지금껏 ‘악’에 대한 시선을 집요하게 유지해온 작가는 이번 작품에 이르러 ‘악’ 그 자체가 되었다.그 누구와 비교할 수 없는 정유정만의 독보적인 스타일로 ‘악’에 대한 한층 더 세련되고 깊이 있는 통찰을 선보인다. 어린 시절부터 학습돼 온 도덕과 교육, 윤리적 세계관을 철저하게 깨나감으로써 비로소 평범했던 한 청년이 살인자로 태어나는 과정을 그린 ‘악인의 탄생기..",https://bookthumb-phinf.pstatic.net/cover/105/676/10567640.jpg?type=m5
63,사서함 110호의 우편물,이도우,"네 사랑이 무사하기를, 내 사랑도 무사하니까13주년을 맞아 새롭게 선보이는 이도우의 장편소설 『사서함 110호의 우편물』. 30대 초중반, 어느덧 익숙해진 평범한 일상 속에서 사랑에 대한 설렘을 마음 한 자락 조용히 접어버린 이들의 이야기를 조금 느리게 그려낸 이 작품은 2004년 발표된 이래 수많은 독자들의 뜨거운 지지와 입소문으로 변함없이 사랑받고 있다.여기 우리와 크게 다르지 않은, 적당히 외로워하며 살아가는 그들이 있다. 9년 차 라디오 프로그램 작가 공진솔과 피디이자 시인인 이건. 사소한 일에 상처받지 않을 만큼 어른이 됐다고 느끼는 진솔은 개편으로 바뀐 담당 피디가 시인이라는 말에 진솔은 원고에 트집이나 잡지 않을지 걱정스럽다. 이건과의 첫 미팅 자리, 무심코 펼쳐놓은 진솔의 다이어리에 적힌 글을..",https://bookthumb-phinf.pstatic.net/cover/103/703/10370384.jpg?type=m5
64,라플라스의 마녀,히가시노 게이고,"히가시노 게이고 작가 데뷔 30주년 기념 최신작!불가사의한 현상의 비밀 열쇠를 쥔 신비의소녀 의문의 죽음들은 ‘단순 사고’인가 ‘살인 사건’인가 일본 추리소설계를 대표하는 최고의 베스트셀러 작가 히가시노 게이고가 2015년, 데뷔 30주년 기념작으로 선보인 『라플라스의 마녀』가 현대문학에서 번역 출간되었다. 가도카와 쇼텐 출판사 창립 70주년 기념작이기도 한 이번 작품은 제31회 에도가와란포상을 수상한 데뷔작 『방과 후』 이후 통산 80번째 단행본이다. 그동안 히가시노 게이고는 치밀한 트릭과 반전이 빛나는 본격 추리소설부터 우리 시대의 문제점을 파고든 사회파 작품, 서스펜스, 판타지, SF에 이르기까지 다양한 장르를 오가며 미스터리의 경계를 넓혀왔다. 특..",https://bookthumb-phinf.pstatic.net/cover/100/075/10007513.jpg?type=m5
65,보건교사 안은영,정세랑,"발랄하고 용감한 여전사이자 동시에 다정하고 유쾌한 언니, 안은영!문학성과 다양성, 참신성을 기치로 한국문학의 미래를 이끌어 갈 신예들의 작품을 엄선한 「오늘의 젊은 작가」의 아홉 번째 작품 『보건교사 안은영』. 참신한 상상력과 따뜻한 이야기로 독자의 사랑을 받아 온 소설가 정세랑의 이번 작품은 수동적이지 않고 주체적이며, 감상적이지 않고 감각적인, 아는 형 삼고 싶은 사립 M고의 보건교사 안은영의 이야기를 담고 있다.특별한 것 없는 직업과 평범한 이름의 안은영은 보통의 보건교사가 아니다. 복 중의 복, 일복 하나는 타고난 그녀는 직업으로 ‘보건교사’ 역할에 충실하면서 동시에 자신만이 볼 수 있는 것들을 처치하고 쫓아내며, 또는 위로하는 ‘퇴마사’의 운명을 받아들인다. 여기에 사립 M고의 한문교사이자 학교 설..",https://bookthumb-phinf.pstatic.net/cover/099/239/09923924.jpg?type=m5
66,어린 왕자,생텍쥐페리,"전 세계인들의 사랑을 받은 가장 아름다운 이야기, 생텍쥐페리의 <어린 왕자>가 문학 평론가 황현산의 번역으로 열린책들에서 출간되었다. 프랑스어 원문에 대한 섬세한 이해, 정확하고도 아름다운 문장력, 예리한 문학적 통찰을 고루 갖춘 번역으로 문학 번역에서 큰 입지를 굳혀 온 황현산은 이 작품을 새롭게 번역하면서 생텍쥐페리의 진솔한 문체를 고스란히 살려 내기 위해 심혈을 기울였다. 원문 텍스트 선택부터 번역의 마무리 작업까지, 국내에 출간된 많은 <어린 왕자> 중에서도 특히 원전의 가치를 충실히 살린 한국어 결정판을 마련하고자 했다. 다른 별에서 온 어린 왕자의 순수한 시선으로 모순된 어른들의 세계를 비추는 이 소설은, 꾸밈없는 진솔한 문체와 동화처럼 단순해 보이는 이야기 속에 삶을 돌아보..",https://bookthumb-phinf.pstatic.net/cover/097/003/09700399.jpg?type=m5
67,최선의 삶,임솔아,"한동안 충격에서 헤어나기 어려울 '신종'의 출현!제4회 문학동네 대학소설상 수상작 『최선의 삶』. 2013년 중앙신인문학상을 수상하며 활발히 활동하고 있는 시인 임솔아는 오직 소설이라는 형식으로만 온전히 담아낼 수 있었던 이야기, 열여섯 살 이후로 끈질기게 자신에게 찾아왔던 악몽에 관한 이야기를 우리에게 들려준다. 가족과 학교에 대한 불신, 친구를 향한 배신감을 빨아들이며 성장한 인물이 친구를 찾아가 살해하려는 꿈. 십 년이 넘는 세월 동안 저자를 밤마다 몸부림치게 했던 이 악몽의 기원에서부터 이야기는 시작된다.여느 한국 부모의 욕심대로 대전의 좋은 학군에 위장 전입한 열여섯 살 여중생 강이는 이방인으로서의 외로움을 느낀다. 실제로 살고 있는 읍내동에서는 가진 것이 너무 많은 사람으로, 새로운 학교가 있는 ..",https://bookthumb-phinf.pstatic.net/cover/092/727/09272731.jpg?type=m5
68,앵무새 죽이기,하퍼 리,"반세기 넘도록 전 세계에서 끊임없이 읽히고 사랑받는 하퍼 리의 수작!성경 다음으로 가장 영향력 있는 책으로 꼽히는 하퍼 리의 소설 『앵무새 죽이기』를 예스러운 표현을 오늘날에 맞게 다듬고 재정비한 번역과 새로운 디자인으로 만나본다. 1960년 출간 직후 미국 전역에서 선풍적인 인기를 끌면서 그 이듬해 하퍼 리에게 퓰리처상의 영예를 안겨 준 작품으로, 대한민국에서도 2003년 정식 발매 이후 독자들에게 꾸준히 읽히며 30만 부 이상의 판매를 기록했다.이 작품은 미국에서 인종차별이 가장 심했던 주 가운데 하나인 남부 앨라바마 주에서 실제로 있었던 일을 토대로 젊은 백인 여성을 성폭행했다는 누명을 쓴 한 흑인 청년을 백인 변호사가 법정에서 변호하는 이야기를 담고 있다. 소설 속 화자인 6살 소녀 스카웃의 눈으로 ..",https://bookthumb-phinf.pstatic.net/cover/092/203/09220376.jpg?type=m5
69,멋진 신세계,올더스 헉슬리,"암울한 미래를 그린 현대 고전!과학이 최고도로 발달해 사회의 모든 면을 관리, 지배하고 인간의 추생과 자유까지 통제하는 미래 문명 세계를 그린 올더스 헉슬리의 『멋진 신세계』. 올더스 헉슬리가 1932년에 발표한 이 작품은 금세기에 미래를 가장 깊이 있고 날카롭게 파헤친 작품 중 하나로 평가받고 있다. 번역의 대가인 안정효의 최신 완역판으로, 오역을 최소화하고 원서의 표현에 충실히 따랐으며, 더욱 세세한 설명과 뛰어난 문학적 표현으로 고전 작품을 읽는 참된 즐거움을 선사한다.가족이라는 유대가 사라진 세계, 죽음까지도 익숙해지도록 길들이기 훈련을 받는 세상에서 인간은 최소한의 존엄성과 인간적 가치, 그리고 스스로 생각할 자유마저 박탈당한다. 이곳 사람들은 태어날 때부터 다섯 계급으로 나뉘어, 인류를 ‘맞춤형’..",https://bookthumb-phinf.pstatic.net/cover/091/685/09168572.jpg?type=m5
70,오베라는 남자,프레드릭 배크만,"웬만하면 마주치고 싶지 않은 까칠한 이웃 남자, 오베가 나타났다!무엇이든 발길질을 하며 상태를 확인하는 남자. BMW 운전자와는 말도 섞지 않는 남자. 키보드 없는 아이패드에 분노하는 남자. 매일 아침 6시 15분 전 알람도 없이 깨어나 항상 같은 시간, 같은 양의 커피를 내려 아내와 한 잔씩 나누어 마시고 마을 한 바퀴를 돌며 시설물들이 고장 난 것은 없는지, 아니 누군가 고장 낸 것은 없는지 확인하는 남자, 오베. 그런 그의 인생에 균열이 생기기 시작했다.시작은 이렇다. 한 세기의 3분의 1을 한 직장에서 일한 그는 하루아침에 일생을 바친 직장에서 쫓겨나고 만다. 이렇게 된 상황에 반년 전 떠난 아내의 빈자리가 유난히 크게 느껴진다. 늘 같은 일상을 반복해왔던 그이지만 이제는 책임져야 할 사람도, 일자리..",https://bookthumb-phinf.pstatic.net/cover/090/537/09053751.jpg?type=m5
71,해리 포터와 마법사의 돌 1,J.K. 롤링,"해리포터 국내출간 15주년 기념 개정판『해리포터: 마법사의 돌. 1』. 전 세계적인 신드롬을 일으키고 21세기의 고전으로 자리매김한 〈해리포터〉 시리즈의 국내 출간 15주년을 맞아, 문학수첩에서 전권 개정판을 선보인다. 〈해리포터〉를 영화로만, 오래된 책으로만 아는 오늘날의 아이들에게는 〈해리포터〉를 새롭게 인식할 수 있는 계기를, 그동안 〈해리포터〉를 사랑해온 독자들에게는 또 한 번 만족과 감동을 선사할 것이다.",https://bookthumb-phinf.pstatic.net/cover/085/391/08539163.jpg?type=m5
72,해리 포터와 마법사의 돌 2/완결,J.K. 롤링,"해리포터 국내출간 15주년 기념 개정판 『해리포터: 마법사의 돌. 2』. 전 세계적인 신드롬을 일으키고 21세기의 고전으로 자리매김한 〈해리포터〉 시리즈의 국내 출간 15주년을 맞아, 문학수첩에서 전권 개정판을 선보인다. 〈해리포터〉를 영화로만, 오래된 책으로만 아는 오늘날의 아이들에게는 〈해리포터〉를 새롭게 인식할 수 있는 계기를, 그동안 〈해리포터〉를 사랑해온 독자들에게는 또 한 번 만족과 감동을 선사할 것이다.",https://bookthumb-phinf.pstatic.net/cover/085/391/08539164.jpg?type=m5
73,가면산장 살인사건,히가시노 게이고,"강도와 인질 간의 숨 막히는 줄다리기!히가시노 게이고의 소설 『가면산장 살인사건』. 저자와 독자가 아슬아슬한 두뇌 싸움을 벌이게 되는 이 작품은 외딴 산장에 모인 여덟 명의 남녀와 한밤중에 침입한 은행 강도범의 인질극을 그리고 있다. 잘 짜인 무대에서 벌어지는 연극과도 같은 이 소설은 그 누구도 상상조차 할 수 없었던 엄청난 반전을 담고 있다. 초대된 손님과 2인조 은행 강도 사이에 긴장과 서스펜스가 점차 고조되는 가운데 클라이맥스에 이르러 전개되는 대반전을 만나는 즐거움을 느낄 수 있다.아버지 소유의 별장 근처 작은 교회에서 결혼식을 올리는 것이 꿈이었던 도모미는 그 꿈이 이루어질 날을 불과 일주일 앞두고 운전 부주의로 인해 가드레일을 들이받고 절벽에서 추락해 사망한다. 얼마 후, 그녀의 약혼자였던 다카유..",https://bookthumb-phinf.pstatic.net/cover/082/730/08273055.jpg?type=m5
74,소년이 온다,한강,고통스럽게 되살려낸 5월 광주한국인 최초 맨부커상 수상작가 한강의 여섯 번째 장편소설 『소년이 온다』. 1980년 5월 18일부터 열흘간 있었던 광주민주화운동 당시의 상황과 그 이후 남겨진 사람들의 이야기를 들려주는 소설이다. 2013년 11월부터 2014년 1월까지 창비문학블로그 ‘창문’에서 연재했던 작품으로 지금까지의 작품세계를 한 단계 끌어올렸다는 평가를 받았다. 철저한 고증과 취재를 통해 저자 특유의 정교하고도 밀도 있는 문장으로 계엄군에 맞서 싸우다 죽음을 맞게 된 중학생 동호와 주변 인물들의 고통 받는 내면을 생생하게 그려냈다.중학교 3학년이던 소년 동호는 친구 정대의 죽음을 목격한 이후 도청 상무관에서 시신들을 관리하는 일을 돕게 된다. 매일같이 합동분향소가 있는 상무관으로 들어오는 시신들을 수..,https://bookthumb-phinf.pstatic.net/cover/076/151/07615129.jpg?type=m5
75,창문 넘어 도망친 100세 노인,요나스 요나손,세계 역사를 뒤바꾼 영감님의 모험!데뷔작으로 전 유럽 서점가를 강타한 스웨덴의 작가 요나스 요나손의 장편소설 『창문 넘어 도망친 100세 노인』. 100세 생일날 슬리퍼 바람으로 양로원의 창문을 넘어 탈출한 알란이 우연히 갱단의 돈가방을 손에 넣고 자신을 추적하는 무리를 피해 도망 길에 나서며 벌어지는 이야기를 담은 작품이다. 기자와 PD로 오랜 세월 일해 온 저자의 늦깎이 데뷔작으로 1905년 스웨덴의 한 시골 마을에서 태어난 노인이 살아온 백 년의 세월을 코믹하고도 유쾌하게 그려냈다.양로원을 탈출해 남은 인생을 즐기기로 한 알란은 버스 터미널에서 한 예의 없는 청년의 트렁크를 충동적으로 훔친다. 사실은 돈다발이 가득 차 있었던 트렁크로 인해 쫓기는 신세가 된 그의 여정에 평생 좀스러운 사기꾼으로 살아온 ..,https://bookthumb-phinf.pstatic.net/cover/072/647/07264703.jpg?type=m5
76,살인자의 기억법,김영하,"정교하게 다듬어진 공포의 기록!김영하의 장편소설 『살인자의 기억법』. 《너의 목소리가 들려》 이후 일 년 반 만에 펴낸 장편소설로 알츠하이머에 걸려 점점 사라져가는 기억과 사투를 벌이는 은퇴한 연쇄살인범의 이야기를 담고 있다. 올해로 데뷔한 지 19년, 독보적인 스타일로 여전히 가장 젊은 작가라 불리는 저자의 이번 소설에서 아무렇지 않게 툭툭 던지는 잠언들, 돌발적인 유머와 위트, 마지막 결말의 반전까지 정교하고 치밀하게 설계된 모든 것들을 만나볼 수 있다.30년 동안 꾸준히 살인을 해오다 25년 전에 은퇴한 연쇄살인범 김병수. 알츠하이머에 걸린 70세의 그가 벌이는 고독한 싸움을 통해 세계가 무너져 내리는 공포 체험에 대한 기록과 함께 인생이 던진 농담에 맞서는 모습을 담아냈다. 잔잔한 일상에 파격과 도발..",https://bookthumb-phinf.pstatic.net/cover/072/622/07262295.jpg?type=m5
77,모순,양귀자,"※본 도서의 표지 색상은 2쇄를 주기로 변경됩니다. 등록된 이미지와 다른 색의 표지가 발송될 수 있습니다.※인생은 살아가면서 탐구하는 것!양귀자 소설의 힘을 보여준 베스트셀러 『모순』. 1998년에 초판이 출간된 이후 132쇄를 찍으며 여전히 많은 사랑을 받고 있는 작품을, 오래도록 소장할 수 있는 양장본으로 새롭게 선보인다. 스물다섯 살 미혼여성 안진진을 통해 모순으로 가득한 우리의 인생을 들여다본다. 작가 특유의 섬세한 문장들로 여러 인물들의 삶을 생생하게 그려내고 있다.시장에서 내복을 팔고 있는 억척스런 어머니와 행방불명 상태로 떠돌다 가끔씩 귀가하는 아버지, 조폭의 보스가 인생의 꿈인 남동생을 가족으로 둔 안진진. 어머니와 일란성 쌍둥이인 이모는 부유하지만 지루한 삶에 지쳐 있고, 가난한 어머니는 처..",https://bookthumb-phinf.pstatic.net/cover/071/902/07190270.jpg?type=m5
78,나미야 잡화점의 기적,히가시노 게이고,"2020년 12월, 나미야 잡화점이 새로운 모습으로 문을 엽니다2010년대 가장 사랑받은 소설 『나미야 잡화점의 기적』「100쇄 기념 땡큐 에디션」 특별 한정 출간!“여러분이라면 어떤 고민을 상담하시겠습니까?”- 히가시노 게이고2012년 12월 19일 국내 독자들과 처음 만났던 『나미야 잡화점의 기적』이 출간 8년 만인 2020년 12월, 100쇄 발행을 맞아 현대문학에서 「100쇄 기념 땡큐 에디션」과 함께 특별한 이벤트들을 선보인다. 『나미야 잡화점의 기적』은 추리소설계의 거장 히가시노 게이고의 대표작으로, 오랫동안 아무도 살지 않던 잡화점에 숨어든 삼인조 좀도둑이 과거에서 도착한 고민 상담 편지에 답장을 하면서 일어나는 하룻밤의..",https://bookthumb-phinf.pstatic.net/cover/071/027/07102772.jpg?type=m5
79,비행운,김애란,"김애란이 돌아왔다. 2012년 올해로 등단 만 10년 차가 되는 시간 동안 공백 없이 작품을 발표해오기도 했지만, 지난해 출간한 첫 장편소설 <두근두근 내 인생>으로 차세대 '젊은 작가'라는 수식어를 2010년대 대표 작가로 갈아치운 그녀다. 많은 사랑과 기대를 한 몸에 받으며 세번째 소설집 <비행운>을 가지고 왔다. '비행운'은 새로운 삶을 동경하는 형식으로(飛行雲), 하지만 현실을 벗어나지 못하게 하는 연쇄적 불운(非幸運)에 발목 잡힌 '우리들'의 이야기를 담고 있다. 문학평론가 박준석이 말했듯 ""김애란 소설은 우선 안부를 묻고 전하는 이야기, 말하자면 하이-스토리hi-story라고 부를 수 있다. 이 안부에는 개인적인 소소한 안녕을 넘어선 어떤 윤리""를 가지고 동세대의 실존적 고민..",https://bookthumb-phinf.pstatic.net/cover/069/610/06961076.jpg?type=m5
80,칼의 노래,김훈,"4백 년 전의 이순신을 다시 만나다!2001년 동인문학상을 수상한 김훈의 소설 『칼의 노래』. 한 국가의 운명을 짊어진 당대의 영웅이자, 정치 모략에 희생되어 장렬히 전사한 명장 이순신의 생애를 그려냈다. 작가는 시대의 명장 이순신뿐만 아니라, 한 인간으로서의 이순신을 함께 표현해내며 사회 안에서 한 개인이 가질 수 있는 삶의 태도에 대해 이야기한다. 삶과 죽음이 엇갈리는 전장에서 영웅이면서 한 인간이었던 이순신의 모습을 엿볼 수 있다. 또한 공동체와 역사에 책임을 져야 할 위치에 선 이들이 지녀야 할 윤리, 문(文)의 복잡함에 대별되는 무(武)의 단순미, 4백 년이라는 시간 속에서도 달라진 바 없는 한국 문화의 혼미한 정체성을 미학적으로 다루고 있다.▶ 이 책은 2001년에 출간된 〈칼의 노래〉의 개정판입..",https://bookthumb-phinf.pstatic.net/cover/140/320/14032004.jpg?type=m5
81,노인과 바다,어니스트 헤밍웨이,"노벨 문학상, 퓰리처상 수상 작가, 20세기 미국 문학을 개척한 작가 어니스트 헤밍웨이의 대표작. 미국 현대 문학의 개척자라 불리는 헤밍웨이는 제1차 세계대전 후 삶의 좌표를 잃어버린 '길 잃은 세대'를 대표하는 작가이다. '민음사 세계문학전집' 278권으로 출간된 <노인과 바다>는 헤밍웨이의 마지막 소설로, 작가 고유의 소설 수법과 실존 철학이 짧은 분량 안에 집약되어 있다. 멕시코 만류에서 홀로 고기잡이를 하는 노인 산티아고는 벌써 84일째 아무것도 잡지 못했다. 같은 마을에 사는 소년 마놀린은 평소 산티아고를 좋아해 그의 일손을 돕곤 했는데, 노인의 운이 다했다며 승선을 만류하는 부모 때문에 이번에는 그와 함께 배를 타지 못한다. 산티아고는 혼자 먼 바다까지 배를 끌고 가 낚싯줄을 내린다. ..",https://bookthumb-phinf.pstatic.net/cover/068/016/06801622.jpg?type=m5
82,이방인,알베르 카뮈,"20세기의 지성이자 실존주의 문학의 대표 작가 알베르 카뮈. 현실에서 소외되어 이방인으로 살아가는 현대인의 초상을 그리다.낯선 인물과 독창적인 형식으로 현대 프랑스 문단에 '이방인'처럼 나타난 소설. 젊은 무명 작가였던 알베르 카뮈에게 세계적 명성을 안겨준 이 작품은 현실에서 소외되어 이방인으로 살아가는 현대인이 죽음을 앞두고 비로소 마주하는 실존의 체험을 강렬하게 그린다. 카뮈는 '영웅적인 태도를 취하지 않으면서 진실을 위해서는 죽음도 마다하지 않는' 뫼르소라는 인물을 통해 기존의 관습과 규칙에서 벗어난 새로운 인간상을 제시한다.알제에서 선박 중개인 사무실 직원으로 일하는 뫼르소. 그는 교육을 받았지만 신분 상승 욕구나 야심이 없고 생활의 변화를 원하지 않는, 이상할 정도로 주위에 무관심한 청년이다. 그런..",https://bookthumb-phinf.pstatic.net/cover/066/073/06607389.jpg?type=m5
83,7년의 밤,정유정,"제1회 세계청소년문학상 수상작 <내 인생의 스프링 캠프>, 제5회 세계문학상 수상작 <내 심장을 쏴라> 작가 정유정의 장편소설. 수상 이후 오랜 시간 준비하여 야심 차게 내놓는 소설로, 치밀한 사전 조사와 압도적인 상상력으로 무장한 작품이다. 7년의 밤 동안 아버지와 아들에게 일어난 슬프고 신비로우며 통렬한 이야기가 펼쳐진다.세령호의 재앙이라 불리는 사건에서 살아남은 열두 살 서원, 세상은 그에게 '살인마의 아들'이라는 올가미를 덧씌운다. 친척집을 전전하던 끝에 결국 모두에게 버려진 서원은 세령마을에서 한집에서 지냈던 승환을 다시 만나 함께 살기 시작한다. 소설가이자 아버지의 부하직원이었던 승환에게 의지하며 새로운 삶을 시작하려던 서원에게 아버지의 사형집행 확정 소식이 칼처럼 날아들고 ..",https://bookthumb-phinf.pstatic.net/cover/065/867/06586721.jpg?type=m5
84,브람스를 좋아하세요...,프랑수아즈 사강,"사강이 그려낸 난해하고 모호한 사랑의 감정!프랑수아즈 사강의 작품『브람스를 좋아하세요』. 전혀 다른 두 사랑 앞에서 방황하는 폴의 심리를 중심으로, 그녀와 사랑이라는 감정으로 연결된 로제와 시몽의 심리를 섬세하게 묘사하였다. 프랑스 문단의 '매력적인 작은 괴물'이라 불리는 사강이 스물넷의 나이에 쓴 이 작품은, 일상을 배경으로 난해하고 모호한 사랑의 감정을 진솔하게 그리고 있다.실내장식가인 서른아홉의 폴은 오랫동안 함께 해온 연인 로제에게 완전히 익숙해져 앞으로 다른 사람을 사랑할 수 없을 거라고 생각한다. 하지만 폴과 달리, 구속을 싫어하는 로제는 마음이 내킬 때만 그녀를 만나고 다른 여자로부터 하룻밤의 즐거움을 찾는 것을 마다하지 않는다. 로제를 향한 폴의 일방적인 감정은 그녀에게 깊은 고독을 안겨준다...",https://bookthumb-phinf.pstatic.net/cover/045/694/04569434.jpg?type=m5
85,채식주의자,한강,"10년전의 이른 봄, 작가는 한 여자가 베란다에서 식물이 되고, 함께 살던 남자는 그녀를 화분에 심는 이야기 『내 여자의 열매』를 집필하였다. 언젠가 그 변주를 쓰고 싶다는 생각에서 출발하게 된 것이 바로 이 연작소설 『채식주의자』이다. 표제작인 『채식주의자』, 2005년 이상문학상 수상작 『몽고반점』, 그리고 『나무 불꽃』으로 구성된 소설이다. 작가가 2002년부터 2005년 여름까지 쓴 이 세편의 중편소설은 따로 있을 때는 일견 저마다의 이야기를 하고 있는 것 같지만, 합해지면 작가가 정말 하고 싶었던 이야기가 담기는 장편소설이 된다.올해로 등단 13년째를 맞는 작가는 작품 속에 단아하고 시심어린 문체와 밀도있는 구성력이라는 작가 특유의 개성을 고스란히 반영시켜 놓았다. 표제작인 『..",https://bookthumb-phinf.pstatic.net/cover/033/094/03309417.jpg?type=m5
86,왜 나는 너를 사랑하는가,알랭 드 보통,"2005년 4월 14일 'TV 책을 말하다' 추천도서. 남녀가 만나 사랑에 빠지는 그 놀랍도록 기이한 첫 만남에서부터, 점차 시들해지고 서로를 더이상 운명으로 느끼지 않게 되는 이별까지. 연애에 든 남녀의 심리와 그 메카니즘이 아주 흥미진진한 철학적 사유와 함께 기술되어 있다.파리에서 런던으로 가는 비행기에서 그래픽 디자이너 '클로이'와 5840.82분의 1의 확률로 옆 좌석에 앉게 된 `나'는 상상할 수 없을 정도로 희박한 확률로 만났다는 ""낭만적 운명론""에 빠져 사랑을 시작하게 된다. 서로를 이상화하며 서로에게 맞추려고 노력하며 서로를 알아가고 섹스를 하고 사랑을 하다가 클로이가 다른 사람에게 호감을 가지게 되어 `나'를 떠나면서, 사랑은 종말을 맞이한다. 실연을 당한 `나'는 `자..",https://bookthumb-phinf.pstatic.net/cover/030/257/03025716.jpg?type=m5
87,톨스토이 단편선 1,레프 톨스토이,"<부활>, <전쟁과 평화> 저자 톨스토이 단편선 개정판 제1권. 톨스토이의 작품 중 삶의 철학과 깨달음의 지혜가 담긴 12편의 작품을 선별해 수록했다. 여기에 파스텔 톤의 삽화를 작품 곳곳에 넣어 글의 감동을 더해주고 있다.",https://bookthumb-phinf.pstatic.net/cover/020/826/02082648.jpg?type=m5
88,인간 실격,다자이 오사무,"인간의 나약함을 탁월하게 묘사하는 다자이 오사무의 작품을 새롭게 읽는다. 순수하고 여린 심성의 젊은이가 인간 사회의 위선과 잔혹성을 견디지 못하고 파멸되어 가는 과정을 그린 소설로, 어느 세계에도 속하지 못한 채 인간 실격자로 전락한 주인공의 내면을 치밀한 심리묘사로 기록하였다. 다자이 작품 속의 타락과 자기파괴적 언행은 제2차 세계대전에서 패망한 후 공황상태에 빠진 일본 젊은이들의 의식을 반영하고 있다. 다자이 작품은 기성세대의 가치관 및 윤리관, 도덕관이 패전과 함께 붕괴되면서 기존 사회에 속한 모든 것을 거부하고 새로이 시작하고자 하는 처절한 몸부림을 담고 있다. 어떻게든 사회에 융화하고자 애쓰고, 인간에 대한 구애를 시도하던 주인공이 결국 모든 것에 배반당하고 인간 실격자가 되어가는 패배의 기록인 이..",https://bookthumb-phinf.pstatic.net/cover/001/510/00151055.jpg?type=m5
89,죽은 시인의 사회,N.H.클라인바움,"◐ 획일화되고 출세만을 고집하는 교육의 말로를 분명히 보여주는 소설졸업생 70% 이상이 미국의 최고 명문 대학으로 진학하는 웰튼 아카데미, 전원 기숙사 생활을 하면서 철저하고 엄격한 교육을 받는 영재 고등학교다. 목표는 오직 명문대 진학. 학생들에게 스스로의 결정과 판단이란 존재하지 않는다. 목표 설정과, 그 목표에 대한 정당성은 학교와 부모가 내려줄 뿐이다. 그런 웰튼 아카데미에 존 키팅이 국어 교사로 부임하면서 변화가 일어나기 시작한다. 키팅 역시 웰튼 아카데미 출신이지만 색다른 교육 방법으로 학생들을 사로잡는다. 앞날을 스스로 설계하고 그 방향대로 나아가는 일이야말로 세상 그 어떤 것보다 소중하다 고 가르친다. 그리고 그것이 얼마나 어려운 일인지 학생들 스스로 깨우치게 한다. 획일화되고 출세만을 고집하..",https://bookthumb-phinf.pstatic.net/cover/001/468/00146881.jpg?type=m5
90,차라투스트라는 이렇게 말했다,프리드리히 니체,"""신은 죽었다!""라는 선언으로, 유럽 문명의 몰락을 예언한 철학자 프리드리히 니체의 대표작. '초인', '권력에의 의지', '영겁회귀' 등 니체의 핵심 철학이 장쾌하고 시적인 언어로 집약된 작품으로 새로운 세계의 새로운 인간을 위한 새로운 원칙을 제시한다. 10년간의 산중 명상을 마친 차라투스트라가 그가 터득한 새로운 복음을 전하기 위해 인간 세계로 내려온다. 그는 다양한 사람들과의 이야기를 통해 현란한 어휘와 매몰찬 독설로 삶과 예술, 사상 등에 대해 들려준다.",https://bookthumb-phinf.pstatic.net/cover/001/401/00140137.jpg?type=m5
91,오만과 편견,제인 오스틴,"원문에 충실한 정확한 번역으로 만나는 『오만과 편견』!전혀 새로운 번역, 원문에 충실한 정확한 번역으로 만나는 『오만과 편견』. 영국인들이 가장 사랑하는 작가로 꼽힌 제인 오스틴의 대표작이자 출세작이다. 이 책은 10년에 걸친 기간 동안 철저한 원문 대조를 통해 원래의 의미와 문체를 생생히 살려낸 완역본으로, 원작의 가치와 재미를 그대로 살려내고자 했다. 특히, 기본의 번역서에서 빈번하게 발생되는 오역이나 부정확한 번역을 없애고, 원작을 그대로 충실하게 재현하고자 했다. 또한 작가 제인 오스틴의 문체적인 특징이나 기법을 최대한 살렸고, 당시 시대상에 맞도록 적절한 표현을 찾아 번역하려고 노력했다. 무엇보다도 원작의 단어 하나하나의 의미도 빠뜨리지 않고 번역하되, 자연스러운 한국어로 읽힐 수 있도록 했다. 하..",https://bookthumb-phinf.pstatic.net/cover/001/324/00132469.jpg?type=m5
92,1984,조지 오웰,"『동물농장』과 함께 조지 오웰을 대표하는 작품으로, 전제주의라는 거대한 지배 시스템 앞에 놓인 한 개인이 어떻게 저항하다가 어떻게 파멸해 가는지, 그 과정과 양상, 그리고 배후를 적나라하게 보여주는 디스토피아 소설이다. 작품의 무대인 오세아니아는 전체주의의 극한적인 양상을 띠고 있는 나라. 오세아니아의 정치 통제 기구인 당은 허구적 인물인 빅 브라더를 내세워 독재 권력의 극대화를 꾀하는 한편, 정치 체제를 항구적으로 유지하기 위해 텔레스크린, 사상경찰, 마이크로폰, 헬리콥터 등을 이용하여 당원들의 사생활을 철저하게 감시한다. 당의 정당성을 획득하는 것과 동시에 당원들의 사상적인 통제를 위해 과거의 사실을 끊임없이 날조하고, 새로운 언어인 신어를 창조하여 생각과 행동을 속박함은 물론, 인간의 기본적인 욕구인 ..",https://bookthumb-phinf.pstatic.net/cover/001/256/00125627.jpg?type=m5
93,자기 앞의 생,로맹 가리,"유일하게 공쿠르 상을 두 번 받은 작가 로맹 가리하밀 할아버지, 사람은 사랑 없이도 살 수 있나요?‘휴머니즘의 작가’로 알려진 로맹 가리는 러시아 이민자 출신의 유태인이다. 2차세계대전 후 그는 세계 각지에서 외교관으로 일하면서 1956년에는 소설 『하늘의 뿌리』로 공쿠르 상을 수상했다. 그는 가명으로도 여러 소설을 발표했는데, 아자르의 이름으로 발표한 두번째 소설 『자기 앞의 생』으로 한 작가에게 결코 두 번 주어지지 않는다는 공쿠르 상을 수상하게 되면서 공쿠르 상을 두 번 받은 작가가 되었다. 작가는 자기의 실제 나이보다 많은 나이를 살고 있는 열네 살 모모의 눈을 통해 이해하지 못할 세상을 바라본다. 모모의 눈에 비친 세상은 결코 꿈같이 아름다운 세..",https://bookthumb-phinf.pstatic.net/cover/001/235/00123586.jpg?type=m5
94,연금술사,파울로 코엘료,"전세계 8천 5백만 독자가 읽은 전설적인 베스트셀러마음의 목소리에 귀기울이는 것이 얼마나 중요한지 증언하는 고귀한 성서, 진정 자기 자신의 꿈과 대면하고자 하는 모든 이를 축복하는 희망과 환희의 메시지, 세계적인 밀리언셀러 작가 파울로 코엘료의 『연금술사』가 신작 『히피』 출간과 함께 새로운 표지로 선보인다. 현재까지 전세계 81개 언어로 번역되어 8천 5백만 독자의 사랑을 받았고, 2009년 ‘한 권의 책이 가장 많은 언어로 번역된 작가’로 기네스북에 기록된 『연금술사』는 파울로 코엘료가 명실상부 세계적 작가의 명성을 얻게 한 작품이다. 주인공 양치기 산티아고를 중심으로 영혼의 연금술이라는 주제를 간명하게 표현한 이번 특별판은 2018년 12월부터 한정 수량으로 판매된다.",https://bookthumb-phinf.pstatic.net/cover/000/648/00064853.jpg?type=m5
95,호밀밭의 파수꾼,제롬 데이비드 샐린저,"1951년 처음 발표된 이래 가장 사랑받는(특히 젊은이들로부터) 고전의 자리를 놓치지 않아온 J.D. 샐린저의 장편소설을 번역가 공경희씨가 다시 옮겼다. 마침 2001년은 <호밀밭의 파수꾼>이 발표된지 꼭 50년이 되는 해이다. 이 책은 지금도 여전히 매년 약 30만 부가 팔려나간다.소설은 홀든 콜필드라는 16세 소년이 학교에서 퇴학을 당한 후 집으로 돌아가기까지 단 2일간의 이야기를 주절주절 늘어놓은 것이다. 뉴욕 부르주아 집안의 아들이지만 허영과 위선으로 가득찬 사립학교와 사람들을 견디지 못하는 그의 독백이다.독자는 홀든이 정신병원(혹은 요양소)에 들어가 있다는 것을 이미 알지만, 홀든의 눈에 비친 세상을 꼭 홀든의 시각 그대로 보게 된다. 그의 영혼이 얼마나 순수하고 깨끗한 것인지도 알게 된..",https://bookthumb-phinf.pstatic.net/cover/000/051/00005188.jpg?type=m5
96,데미안,헤르만 헤세,데미안을 통해 참다운 어른이 되어 가는 소년 싱클레어의 이야기.한 폭의 수채화같이 아름답고 유려한 문체로 전세계인의 사랑을 받고 있는 작품. 감수성이 풍부한 주인공 싱클레어가 소년기에서 청년기를 거쳐 어른으로 자라가는 과정이 세밀하고 지적인 문장으로 그려져 있습니다. 진정한 삶에 대해 고민하고 올바르게 살기 위해 노력하는 데미안과 싱클레어의 깊이 있는 이야기.,https://bookthumb-phinf.pstatic.net/cover/000/051/00005186.jpg?type=m5
97,난장이가 쏘아올린 작은 공,조세희,"1970년대 우리 인문주의와 심미적 이성의 한 절정을 보여준 한국문학의 대표작, 조세희의 『난장이가 쏘아올린 작은 공』. 1978년 6월 초판이 발행된 이래 1996년 4월 100쇄를 돌파하기까지 장장 18년간 40만 부가 팔린 이 책은 최인훈의 『광장』과 함께 우리 문단 사상 가장 오래도록 팔린 스테디셀러로 꼽힌다.조세희는 사람이 태어나서 누구나 한번 피 마르게 아파서 소리지르는 때가 있는데, 그 진실한 절규를 모은 게 역사요, 그 자신이 너무 아파서 지른 간절하고 피맺힌 절규가 『난쏘공』이었다고 말한다. 긴 세월이 흐른 후에도 그 난장이들의 소리에 젊은이들이 귀를 기울이는 이유는, 『난쏘공』이 시대 문제의 핵심, 인간의 마음에 가까이 다가갔기 때문이다.",https://bookthumb-phinf.pstatic.net/cover/001/067/00106772.jpg?type=m5
98,달과 6펜스,윌리엄 서머셋 모옴,프랑스의 후기 인상파 화가 폴 고갱을 모델로 한 중년의 사내(스트릭랙드)가 달빛 세계의 마력에 끌려 6펜스의 세계를 탈출하는 과정을 그린 이야기. 세속의 세계에 대한 냉소 또는 인습과 욕망에 무반성적으로 매몰되어 있는 대중의 삶에 대한 풍자가 담겨있는 소설.,https://bookthumb-phinf.pstatic.net/cover/000/051/00005180.jpg?type=m5
99,모모,미하엘 엔데,"원작이 지닌 매력을 모두 되살린 한국어 판 <모모> 기적과 신비와 온기로 가득 찬 책, 어린이나 어른 할 것 없이 글자를 읽을 수 있는 사람이라면 그 깊은 꿈과 환상의 세계에 빠져들 수밖에 없는 <모모>를 비룡소에서 심혈을 기울여 출간한다.독일 티네만 출판사와의 독점 계약으로 출간하는 비룡소의 <모모>는 원작이 지닌 매력을 모두 되살리려 노력한 책이다. 첫번째로, 이 책을 내면서 책의 표지에서부터, 용지, 일러스트레이션, 서체, 글자 색, 행간에 이르기까지 세세한 정성을 들였다. 종전의 책들이 가격을 낮추려는 이유 때문에 책의 겉모습이 지니는 의미를 훼손한 데에 비해 비룡소에서는 겉모습과 내용이 서로 어울리도록 노력했다. 두번째로 연세대 한미희 교수의 꼼꼼한 번역과 편집진의 ..",https://bookthumb-phinf.pstatic.net/cover/001/835/00183540.jpg?type=m5
100,동물농장,조지 오웰,"1945년에 간행된 조지 오웰의 대표작. 어떤 농장의 동물들이 늙은 돼지 메이저의 부추김에 빠져 농장주의 압제에 대항해 반란을 일으켜 인간의 착취가 없는 `모든 동물이 평등한 이상사회`를 건설한다. 그러나 돼지들이 지도자가 되고 그 중에서도 힘이 세었던 스노볼을 돼지의 지도자 나폴레옹이 내쫓은 뒤로부터는 동물들이 옛날보다 더 혹독한 여건하에서 혹사를 당하게 된다. 이윽고 인간과의 거래가 부활하고 그 사회를 위하여 눈물겨운 투쟁을 했던 말 복서도 일할 수 없게 되자 도살용으로 인간에게 팔려서, 결국 돼지사회도 인간사회와 별 차이가 없는 것이 되고 만다고 하는, 권력과 스탈린주의에 대한 비판적인 풍자소설이다.",https://bookthumb-phinf.pstatic.net/cover/000/051/00005151.jpg?type=m5
