어린이,어린이영어,게임으로 배우기,1,기적의 유아영어,이은주,"<기적의 유아영어 - 영어동요>편은 3가지로 구성됩니다. 너서리 라임 30곡을 담은 오디오 CD, 흥미로운 액티비티를 담은 활동북(본책), 눈길을 사로잡는 그림과 함께 가사 + 노래 소개 + 활용 방법을 담은 SONG BOOK 이렇게 3가지 구성으로 엮었습니다.",https://bookthumb-phinf.pstatic.net/cover/081/018/08101886.jpg?type=m5
어린이,어린이영어,게임으로 배우기,2,GET READY 2,LLS ENGLISH RESEARCH CENTER,"교과서와 같은 구성에 어린이들이 재미있게 따라할 수 있는 자연스러운 생활회화를 게임과 확인학습, 놀이 등을 통하여 재미있게 구성한 것이 특징. 학교영어진도복습용 및 방과후특기적성교재로 본책과 함께 사용하면 매우 효과적입니다. 영어학원에 다니는 자녀의 학습력을 엄마가 확인할 수 있는 자기주도학습용 부교재입니다.",https://bookthumb-phinf.pstatic.net/cover/066/663/06666351.jpg?type=m5
어린이,어린이영어,게임으로 배우기,3,GET READY 3,LLS ENGLISH RESEARCH CENTER,"교과서와 같은 구성에 어린이들이 재미있게 따라할 수 있는 자연스러운 생활회화를 게임과 확인학습, 놀이 등을 통하여 재미있게 구성한 것이 특징. 학교영어진도복습용 및 방과후특기적성교재로 본책과 함께 사용하면 매우 효과적입니다. 영어학원에 다니는 자녀의 학습력을 엄마가 확인할 수 있는 자기주도학습용 부교재입니다.",https://bookthumb-phinf.pstatic.net/cover/066/662/06666281.jpg?type=m5
어린이,어린이영어,게임으로 배우기,4,GET READY 1,LLS ENGLISH RESEARCH CENTER,"교과서와 같은 구성에 어린이들이 재미있게 따라할 수 있는 자연스러운 생활회화를 게임과 확인학습, 놀이 등을 통하여 재미있게 구성한 것이 특징. 학교영어진도복습용 및 방과후특기적성교재로 본책과 함께 사용하면 매우 효과적입니다. 영어학원에 다니는 자녀의 학습력을 엄마가 확인할 수 있는 자기주도학습용 부교재입니다.",https://bookthumb-phinf.pstatic.net/cover/066/663/06666350.jpg?type=m5
어린이,어린이영어,게임으로 배우기,5,GET READY JUMP 1,"Samuel Lee, Hyunjee Shim","영어를 배우는 아이들을 위한 『GET READY JUMP』 제1권. 초등학생을 대상으로 한 영어 회화 교재다. 아이들이 쉽게 따라가도로고 구성했다. 자연스럽게 생활에서 유용하게 활용할 영어 회화를 따라하면서 익혀나가도록 구성했다. 생동감 넘치는 일러스트뿐 아니라, 게임과 놀이 등을 통해 이해를 도와준다. 영어로 쓰여졌다.",https://bookthumb-phinf.pstatic.net/cover/064/118/06411855.jpg?type=m5
어린이,어린이영어,게임으로 배우기,6,GET READY JUMP 2,"Samuel Lee, Hyunjee Shim",영어를 배우는 아이들을 위한 『GET READY JUMP _ WORK BOOK』 제2권. 초등학생을 대상으로 한 영어 회화 교재 〈GET READY JUMP〉의 워크북이다. 주요한 포인트를 재미있는 퍼즐 등의 게임 형식으로 확인하면서 복습해나가도록 구성했다. 생동감 넘치는 일러스트를 함께 담아냈다. 영어로 쓰여졌다.,https://bookthumb-phinf.pstatic.net/cover/064/117/06411746.jpg?type=m5
어린이,어린이영어,게임으로 배우기,7,HARRY POTTER,"Andrew Williamson, Bruce Foster","THIS COLLECTIBLE HARRY POTTER POP-UP BOOK, BASED ON THE CREATIVE DEVELOPMENT OF THE FILMS, FEATURES EXQUISITE ORIGINAL ARTWORK BY ANDREW WILLIAMSON, CONCEPT ARTIST FOR ALL EIGHT MOVIES. WITH DYNAMIC POP-UPS ANIMATING MEMORABLE MOMENTS AND LOCATIONS -- LIKE THE TRIWIZARD TOURNAMENT, DIAGON ALLEY, AND HOGWARTS CASTLE -- HARRY POTTER: A POP-UP BOOK OFFERS A 3-D GLIMPSE INTO THE AMAZING WORLD, AS SEEN..",https://bookthumb-phinf.pstatic.net/cover/063/997/06399742.jpg?type=m5
어린이,어린이영어,게임으로 배우기,8,마더구스,최재숙,"영미권 아이들이 자라면서 즐겨 읽고 부르는 영어 전래 동요 50 『마더구스』. 영어권 어린이들은 갓난아기 때부터 자장가로, 혹은 짝짜꿍 같은 놀이를 하면서 마더구스 라임을 듣고 자란다. 이러한 마더구스 라임은 영어를 처음 접하는 우리나라 어린이들에게도 친근하고 쉽게 다가온다. 동화세계를 여행하는듯한 삽화가 마더구스의 매력을 한껏 살려주고 있다.",https://bookthumb-phinf.pstatic.net/cover/062/925/06292567.jpg?type=m5
어린이,어린이영어,게임으로 배우기,9,HOME CAR 영어동요,WG CONTENTS GROUP,"엄마랑 집에서, 아빠랑 차에서『HOME CAR(홈 카) 영어동요』는 영어 동요 30곡을 엄선해서 만든 동요 그림책이다. 집과 차에서 들을 수 있게 각각 엄마 목소리, 아빠 목소리의 합창을 2장의 CD에 담았으며, 차에 보관하거나 외출 시에 들고 다닐 수 있게 만들어진 미니북에는 한글 해석도 함께 들어 있다. 제대로 편곡된 영어동요를 담아 오래도록 기억에 남도록 도왔다.",https://bookthumb-phinf.pstatic.net/cover/062/801/06280151.jpg?type=m5
어린이,어린이영어,게임으로 배우기,10,영어 동요,삼성출판사 편집부,"유어를 위한 영어동요책. , , 동요 등이 다양한 그림과 함께 실렸다. 또한 노래의 느낌을 잘 표현한 그림과 악보, 율동 방법까지 담았다.",https://bookthumb-phinf.pstatic.net/cover/001/591/00159169.jpg?type=m5
어린이,어린이영어,게임으로 배우기,11,내손으로 만드는 동화나라,이지연,클레이 조형미술 『내 손으로 만드는 동화나라』.,https://bookthumb-phinf.pstatic.net/cover/061/998/06199809.jpg?type=m5
어린이,어린이영어,게임으로 배우기,12,알파벳 매일영어 스티커북,은하수미디어 편집부,"스티커를 붙여가며 영어를 배우자!아이들을 위한 『알파벳 매일영어 스티커북』. 아이들을 위한 영어 학습 교재다. 어렵게 느껴지는 영어를 알록달록한 스티커도 붙여나가면서 놀이를 하듯이 재미있게 배워나갈 수 있다. 알파벳의 대문자뿐 아니라, 소문자도 익힐 수 있도록 구성했다. 스티커 붙이기뿐 아니라, 숨은 그림 찾기, 색칠하기, 다른 그림 찾기, 그리고 선 잇기 등의 놀이도 담아내 지루함을 덜어줄 뿐 아니라, 흥미를 불러일으킨다. 스티커북.",https://bookthumb-phinf.pstatic.net/cover/060/585/06058514.jpg?type=m5
어린이,어린이영어,게임으로 배우기,13,디즈니 공주-목걸이 노래방,편집부,"<디즈니 공주 목걸이 노래방>은 디즈니 명작 애니메이션 속 장면과 함께 노래를 들을 수 있는 MP3 플레이어가 들어 있습니다. 어린이들은 플레이어를 직접 조작하여 노래를 선택하고 들을 수 있으며 익숙한 20곡의 멜로디에 맞추어 노래를 부르며 재미있게 놀다보면 낯설었던 영어에 대해 호기심을 가지게 될 것입니다.노래가 나오는 동안 LCD창에 노래에 어울리는 귀여운 애니메이션이 나와 흥겨움을 더해 줍니다. 또한 볼륨조절버튼, ON/OFF 버튼, 자동선곡버튼, Play/Stop버튼, 노래선택버튼이 있어 다양한 활동이 가능합니다. 놀이로 시작한 영어는 아이에게 재미있는 놀이의 도구로 느껴지고 더 이상 영어는 하기 싫은 공부가 아니라 즐거운 놀이로 여겨질 수 있습니다. 재미있는 장난감을 가지고 놀듯 책을 가..",https://bookthumb-phinf.pstatic.net/cover/048/975/04897502.jpg?type=m5
어린이,어린이영어,게임으로 배우기,14,베이비 아인슈타인-플랩북,편집부,"베이비 아인슈타인 플랩북은 들어올리고, 발견하고 듣는 입체 사운드북입니다. 어린 아이를 위한 입체 사운드북으로 각 장마다 숨어있는 그림을 찾아 종이를 펼쳐볼 수 있어 질리지 않고 재미있게 가지고 놀 수 있습니다. 그림과 같은 모양의 사운드 버튼을 누르면 재미있는 효과음이 재생되어 실감나게 책을 읽을 수 있습니다. 사용된 음원 중 유명 클래식 멜로디 네 개가 포함되어 아이들의 정서, 감성 발달에 도움이 됩니다. 놀이로 시작한 영어는 아이에게 재미있는 놀이의 도구로 느껴지고 더 이상 영어는 하기 싫은 공부가 아니라 즐거운 놀이로 여겨질 수 있습니다. 재미있는 장난감을 가지고 놀듯 책을 가지고 놀다 보면 영어와 친해지고 영어를 점점 좋아하게 될 것입니다. (플랩북/사운드북)-주의사항-1. 책 뒷면에 버튼셀 건전지..",https://bookthumb-phinf.pstatic.net/cover/048/975/04897503.jpg?type=m5
어린이,어린이영어,게임으로 배우기,15,TUNES FOR THOMAS,윌버트 오드리,"TV에 방영되었던 5곡을 포함한 총 10곡의 음악이 캐릭터 버튼을 누르면 흘러나옵니다.음악과 함께 켜지는 불빛의 실로폰 건반을 눌러 보세요. 멋진 연주가 완성됩니다.또한 책에 있는 악보를 통한 연주 뿐만 아니라,아이가 상상력과 창의력을 통하여 새로운 음악을 연주해 보도록 해보세요.도레미파솔라시도~!(사운드북, 표지 : 양장, 내지 : 보드지, 내용 : 영어)",https://bookthumb-phinf.pstatic.net/cover/046/292/04629288.jpg?type=m5
어린이,어린이영어,게임으로 배우기,16,엄마표 영어놀이 100 (CD 1장 포함)(우리집은 영어유치원)(스프링),마선미,"알파벳, 색깔, 가족, 요리 등 총 20개 주제로 분류된 영어놀이가 무려 100가지!『엄마표 영어놀이 100』은 엄마가 집에서 아이들과 손쉽게 할 수 있는 영어놀이 100가지를 소개하고 있는 영어놀이책으로, 어떤 엄마가 따라해도 쉽고 재미있는 손쉬운 영어놀이 100가지를 엄선하여 수록하였으며 아이 키우는 집이라면 대부분 가지고 있는 재로들로 이루어져 있다.본 교재의 영어놀이는 10분이면 따라 할 수 있는 손쉬운 놀이들로만 구성되어 있으며, 라면 상자, 페트병, 하드 막대, 감자 등 집안에서 손쉽게 얻을 수 있는 물건을 이용하므로 별다른 준비물이 필요 없다는 것이 특징이다. 또한 탁상용 캘린더북 형태로 되어 있어 있다. 오디오 CD 1장 포함. (스프링 제본, 양장본)",https://bookthumb-phinf.pstatic.net/cover/044/061/04406141.jpg?type=m5
어린이,어린이영어,게임으로 배우기,17,아이작의 나의 첫 영어책 SET,책아책아 영어 콘텐츠 연구소,"태교 때부터 영어 공부를 시작한다는 요즘 아이들. 과연 영어 공부는 언제부터 시작하면 좋을까요? 또, 효과적인 영어 공부 방법은 무엇일까요? 어린이 영어의 가장 큰 궁금점 ‘when(언제)?’과 ‘how(어떻게)?’ 에 대한 해답, 『아이작의 나의 첫 영어책 세트』가 제시합니다. 이 책의 기획과 감수에 참여한 대한민국 대표 영어 강사 아이작은 “어린이 영어는 빠를수록 좋고, 재미있어야 합니다.” 라는 명쾌한 답을 내놓았습니다. 오랫동안 한국인들에게 영어를 가르쳐 온 EBS 명강사 아이작과 영어전문가 그룹의 노하우와 미국 유치원 영어 교육과정이 그대로 담긴 『아이작의 나의 첫 영어책 세트』로 우리 아이 영어 첫 단추를 제대로 끼워 주세요. 『아이작의 나의 첫 영어책 세트』는 현재 미국 아이들이 유치원 단계에서..",https://bookthumb-phinf.pstatic.net/cover/043/900/04390047.jpg?type=m5
어린이,어린이영어,게임으로 배우기,18,영어동요 2,승문정,"미국과 캐나다 현지 유치원에서 즐겨 부르는 영어 동요 27곡과 챈트 4곡을 골라 뽑았어요!미국ㆍ캐나다 현지 유치원에서 즐겨 부르는 영어 동요와 챈트 31 - 영어 동요 2. 영어권 국가의 유치원에서 유아들이 즐겨 부르는 동요 중에는 예부터 전해 내려오는 전래 동요가 많습니다. 전래 동요는 오랜 세월 동안 입에서 입으로 전해져 내려온 것이기 때문에 가사나 멜로디의 반복이 많아서 누구나 쉽게 외울 수 있는 구조로 다듬어져 있지요. 따라서 영어 전래 동요를 듣고 따라 부르다 보면 쉽게 영어 문장에 익숙해지게 됩니다.<영어 동요 2>는 미국과 캐나다 현지 유치원에서 즐겨 부르는 영어 동요를 골라 뽑아 미국이나 캐나다에 가지 않아도 쉽고 자연스럽게 현지의 유치원 교육을 경험하고, 재미있게 영어를 배울 수 ..",https://bookthumb-phinf.pstatic.net/cover/031/175/03117505.jpg?type=m5
어린이,어린이영어,게임으로 배우기,19,영어 스티커북 1단계,홍진P&M 편집부,"『생각퐁퐁 놀이퐁퐁』시리즈 영어 스티커북편 1단계. 본 시리즈는 스티커 붙이기 활동을 통해, 영어에 대해 흥미를 유발하는 영어 스티커북입니다. 2단계로 나누어져 있습니다. 1단계에서는 알파벳 대문자와 소문자의 형태를 익히고, 대문자와 소문자를 구별할 수 있습니다.☞ 「생각퐁퐁 놀이퐁퐁」시리즈 영어 스티커북편의 특징! 본 시리즈는 아이들이 좋아하는 스티커를 붙였다 떼었다 함으로써, 알파벳은 물론 단어 및 문장을 쉽게 익힐 수 있는 영어 스티커북입니다. 한참 호기심이 자라나는 유아들에게 스티커 놀이를 통해 학습에 대한 흥미를 갖게 하세요~!",https://bookthumb-phinf.pstatic.net/cover/029/739/02973968.jpg?type=m5
어린이,어린이영어,게임으로 배우기,20,영어 동요랑 놀자,저자정보없음,"미국 아이들이 말을 배울 때 가장 즐겨 부르는 영어 동요 ♬영어 동요는 놀이를 통해 언어를 익히는 가장 좋은 방법입니다! 《미국 아이들이 가장 좋아하는 영어 동요랑 놀자》는 미국 아이들이 처음 말을 배울 때 가장 즐겨 부르는 동요 30곡과 흥겨운 챈트가 들어있는 책으로, 각 노래마다 동요의 느낌을 잘 살린 컬러 그림과 악보를 함께 실었습니다. 또한 뒷부분에 가사 해석과 중요 단어 설명을 수록하여 동요의 내용을 이해하며 쉽게 부를 수 있도록 하였습니다. 아이들이 노래를 부르며 자연스럽게 영어권 나라의 정서와 언어를 익히게 해 주세요!",https://bookthumb-phinf.pstatic.net/cover/029/270/02927017.jpg?type=m5
어린이,어린이영어,게임으로 배우기,21,영어 놀이터,이명진,"엄마랑 즐겁게 놀면서 배우는 우리 아이 처음 영어 지침서이 책은 영ㆍ유아들이 관심있어 하는 생활 언어를 중심으로 아이와 영어로 즐겁게 놀 수 있는 방법들로 구성되어 있다. 엄마와 아이가 함께 할 수 있는 다양한 활동 놀이(ACTIVITY), 즐겁게 부를 수 있는 영어 노래(SONG), 각 파트마다 제시한 단어를 활용할 수 있는 영어 동화책(STORY BOOK) 등의 내용들을 다채롭게 소개하고 있다.또한 저자가 직접 아이와 영어로 놀면서 깨달은 다양한 노하우 및 영어 놀이를 하는데 꼭 필요한 교구 만드는 방법, 놀이법과 교구 제작법ㆍ스토리텔링ㆍ노래 등의 알짜 정보를 담고 있는 국내ㆍ외 인터넷 사이트도 소개하고 있다. 부록(각 파트별 활용 놀이 자료 모음) 수록.",https://bookthumb-phinf.pstatic.net/cover/026/920/02692002.jpg?type=m5
어린이,어린이영어,게임으로 배우기,22,Hey Kids 2 Workbook 2,Sun-Young Hyun,"HEY KIDS! 2권의 워크북. 이 책은 본책에서 배운 주요표현과 단어 등을 여러 유형의 문제를 통해서 다시 한번 확인하고 다질 수 있도록 구성되어 있다. 단어 연결하기, 맞는 표현 고르기, 빈칸 채우기, 문장 쓰기, 색칠하기 등의 문제를 수록하였다. 한 과에 4페이지로 구성.",https://bookthumb-phinf.pstatic.net/cover/026/253/02625363.jpg?type=m5
어린이,어린이영어,게임으로 배우기,23,Hey Kids! 2,"현선영, Keith Milling","HEY KIDS 시리즈 『제2권』. HEY KIDS는 영어를 처음 배울 때 꼭 익혀야 할 표현들을 다양한 상황과 아이들의 눈높이에 맞춘 대화문을 통해 배우도록 구성한 교재이다.이 책은 1권에 이어 파닉스의 기초를 완성하고, 체계적이고 균형있는 언어구사력을 기를 수 있게 구성한 초등영어 2단계 교재이다. (부록: 오디오CD/플래시카드/스티커/액티비티/보드게임판)",https://bookthumb-phinf.pstatic.net/cover/026/243/02624359.jpg?type=m5
어린이,어린이영어,게임으로 배우기,24,Blue 2,David A. Carter,"상세이미지A series of pop-ups demonstrate the diversity of art as a ""blue two"" reinvents itself with each turn of the page in an interactive book with pull-tabs, foil cover, and shrink-wrapped enhancements.",https://bookthumb-phinf.pstatic.net/cover/025/158/02515821.jpg?type=m5
어린이,어린이영어,게임으로 배우기,25,Dolphin Readers Level 2 - A Visit to the City Activity Book (Paperback),Oxford,"단계별로 구성된 픽션, 논픽션 이야기책!'읽고 직접 해보기' 코너가 있어 학습 효과를 눈으로 확인단계별 리더스 (Starter ~ Level 4)* 총 5단계 (Level Starter ~ Level 4)며 각 단계에 8권의 책이 있다.* 다양한 주제를 담아 Fiction, Non-Fiction을 골고루 다루었다.* 각 레벨에 Grammar, Living Together, The World around Us, Science and Nature로 나누어져 있다.* Read and Do 시스템: 읽기 한 페이지마다 Activity가 한 페이지씩 배치되어 있다.* 각 권 첫 페이지에 Notes for Teaching & Partners 파트가 있어 효율적인 학습 방법을 알려 준다.",https://bookthumb-phinf.pstatic.net/cover/020/889/02088913.jpg?type=m5
어린이,어린이영어,게임으로 배우기,26,Dolphin Readers Level 2 - Matt's Mistake Activity Book (Paperback),Oxford,"단계별로 구성된 픽션, 논픽션 이야기책!'읽고 직접 해보기' 코너가 있어 학습 효과를 눈으로 확인단계별 리더스 (Starter ~ Level 4)* 총 5단계 (Level Starter ~ Level 4)며 각 단계에 8권의 책이 있다.* 다양한 주제를 담아 Fiction, Non-Fiction을 골고루 다루었다.* 각 레벨에 Grammar, Living Together, The World around Us, Science and Nature로 나누어져 있다.* Read and Do 시스템: 읽기 한 페이지마다 Activity가 한 페이지씩 배치되어 있다.* 각 권 첫 페이지에 Notes for Teaching & Partners 파트가 있어 효율적인 학습 방법을 알려 준다.",https://bookthumb-phinf.pstatic.net/cover/020/889/02088914.jpg?type=m5
어린이,어린이영어,게임으로 배우기,27,Wonderful Wild Animals,편집부,"DOLPHIN READERS 시리즈 3단계 『WONDERFUL WILD ANIMALS』 액티비티 북(ACTIVITY BOOK). DOLPHIN READERS 시리즈의 각 권별로 구성한 DOLPHIN READERS 액티비티 북에서는 해당 교재에 나왔던 핵심 어휘와 언어 구조에 관한 읽기(READING), 쓰기(WRITING), 말하기(SPEAKING) 연습 문제를 추가적으로 제공한다. (PAPERBACK/영어원서/가로 14.7CM X 세로 21CM)",https://bookthumb-phinf.pstatic.net/cover/020/889/02088923.jpg?type=m5
어린이,어린이영어,게임으로 배우기,28,Things That Fly,RICHARD NORTHCOTT,"DOLPHIN READERS 시리즈 3단계 『THINGS THAT FLY』 액티비티 북(ACTIVITY BOOK). DOLPHIN READERS 시리즈의 각 권별로 구성한 DOLPHIN READERS 액티비티 북에서는 해당 교재에 나왔던 핵심 어휘와 언어 구조에 관한 읽기(READING), 쓰기(WRITING), 말하기(SPEAKING) 연습 문제를 추가적으로 제공한다. (PAPERBACK/영어원서/가로 14.7CM X 세로 21CM)",https://bookthumb-phinf.pstatic.net/cover/020/889/02088924.jpg?type=m5
어린이,어린이영어,게임으로 배우기,29,Just Like Mine,RICHARD NORTHCOTT,"DOLPHIN READERS 시리즈 3단계 『JUST LIKE MINE』 액티비티 북(ACTIVITY BOOK). DOLPHIN READERS 시리즈의 각 권별로 구성한 DOLPHIN READERS 액티비티 북에서는 해당 교재에 나왔던 핵심 어휘와 언어 구조에 관한 읽기(READING), 쓰기(WRITING), 말하기(SPEAKING) 연습 문제를 추가적으로 제공한다. (PAPERBACK/영어원서/가로 14.7CM X 세로 21CM)",https://bookthumb-phinf.pstatic.net/cover/020/889/02088922.jpg?type=m5
어린이,어린이영어,게임으로 배우기,30,Where People Live Activity Book,OXFORD 편집부,"DOLPHIN READERS 시리즈 4단계 『WHERE PEOPLE LIVE』 액티비티 북(ACTIVITY BOOK). DOLPHIN READERS 시리즈의 각 권별로 구성한 DOLPHIN READERS 액티비티 북에서는 해당 교재에 나왔던 핵심 어휘와 언어 구조에 관한 읽기(READING), 쓰기(WRITING), 말하기(SPEAKING) 연습 문제를 추가적으로 제공한다. (PAPERBACK/영어원서/가로 14.7CM X 세로 21CM)",https://bookthumb-phinf.pstatic.net/cover/020/889/02088930.jpg?type=m5
어린이,어린이영어,게임으로 배우기,31,Lets go to the rainforest,Fiona Kensho,"DOLPHIN READERS 시리즈 3단계 『LET'S GO TO THE RAINFOREST』 액티비티 북(ACTIVITY BOOK). DOLPHIN READERS 시리즈의 각 권별로 구성한 DOLPHIN READERS 액티비티 북에서는 해당 교재에 나왔던 핵심 어휘와 언어 구조에 관한 읽기(READING), 쓰기(WRITING), 말하기(SPEAKING) 연습 문제를 추가적으로 제공한다. (PAPERBACK/영어원서/가로 14.7CM X 세로 21CM)",https://bookthumb-phinf.pstatic.net/cover/020/889/02088925.jpg?type=m5
어린이,어린이영어,게임으로 배우기,32,Students in space,CRAIG WRIGHT,"DOLPHIN READERS 시리즈 3단계 『STUDENTS IN SPACE』 액티비티 북(ACTIVITY BOOK). DOLPHIN READERS 시리즈의 각 권별로 구성한 DOLPHIN READERS 액티비티 북에서는 해당 교재에 나왔던 핵심 어휘와 언어 구조에 관한 읽기(READING), 쓰기(WRITING), 말하기(SPEAKING) 연습 문제를 추가적으로 제공한다. (PAPERBACK/영어원서/가로 14.7CM X 세로 21CM)",https://bookthumb-phinf.pstatic.net/cover/020/889/02088917.jpg?type=m5
어린이,어린이영어,게임으로 배우기,33,Uncle Jerry's Great Idea,Norma Shapiro,"DOLPHIN READERS 시리즈 3단계 『UNCLE JERRY'S GREAT IDEA』 액티비티 북(ACTIVITY BOOK). DOLPHIN READERS 시리즈의 각 권별로 구성한 DOLPHIN READERS 액티비티 북에서는 해당 교재에 나왔던 핵심 어휘와 언어 구조에 관한 읽기(READING), 쓰기(WRITING), 말하기(SPEAKING) 연습 문제를 추가적으로 제공한다. (PAPERBACK/영어원서/가로 14.7CM X 세로 21CM)",https://bookthumb-phinf.pstatic.net/cover/020/889/02088921.jpg?type=m5
어린이,어린이영어,게임으로 배우기,34,City Girl Country Boy Activity Book,OXFORD 편집부,"DOLPHIN READERS 시리즈 4단계 『CITY GIRL, COUNTRY BOY』 액티비티 북(ACTIVITY BOOK). DOLPHIN READERS 시리즈의 각 권별로 구성한 DOLPHIN READERS 액티비티 북에서는 해당 교재에 나왔던 핵심 어휘와 언어 구조에 관한 읽기(READING), 쓰기(WRITING), 말하기(SPEAKING) 연습 문제를 추가적으로 제공한다. (PAPERBACK/영어원서/가로 14.7CM X 세로 21CM)",https://bookthumb-phinf.pstatic.net/cover/020/889/02088932.jpg?type=m5
어린이,어린이영어,게임으로 배우기,35,Just Like Mine,JACQUELINE MARTIN,"DOLPHIN READERS 시리즈 3단계 『WHAT DID YOU DO YESTERDAY?』 액티비티 북(ACTIVITY BOOK). DOLPHIN READERS 시리즈의 각 권별로 구성한 DOLPHIN READERS 액티비티 북에서는 해당 교재에 나왔던 핵심 어휘와 언어 구조에 관한 읽기(READING), 쓰기(WRITING), 말하기(SPEAKING) 연습 문제를 추가적으로 제공한다. (PAPERBACK/영어원서/가로 14.7CM X 세로 21CM)",https://bookthumb-phinf.pstatic.net/cover/020/889/02088918.jpg?type=m5
어린이,어린이영어,게임으로 배우기,36,Super Sam Activity Book,편집부,"DOLPHIN READERS 시리즈 LEVEL 2, 『SUPER SAM』 액티비티 북(ACTIVITY BOOK). DOLPHIN READERS 시리즈의 각 권별로 구성한 DOLPHIN READERS 액티비티 북에서는 해당 교재에 나왔던 핵심 어휘와 영어 구조에 관한 읽기(READING), 쓰기(WRITING), 말하기(SPEAKING) 연습 문제들을 추가적으로 제공한다. 학생들은 흥미로운 액티비티 문제들을 하나하나 풀어봄으로써 교재에서 학습한 내용을 완벽하게 마스터하게 될 것이다. (PAPERBACK/영어원서/가로 14.7CM X 세로 21CM)",https://bookthumb-phinf.pstatic.net/cover/020/889/02088909.jpg?type=m5
어린이,어린이영어,게임으로 배우기,37,Double Trouble,편집부,"DOLPHIN READERS 시리즈 LEVEL 2, 『DOUBLE TROUBLE』 액티비티 북(ACTIVITY BOOK). DOLPHIN READERS 시리즈의 각 권별로 구성한 DOLPHIN READERS 액티비티 북에서는 해당 교재에 나왔던 핵심 어휘와 영어 구조에 관한 읽기(READING), 쓰기(WRITING), 말하기(SPEAKING) 연습 문제들을 추가적으로 제공한다. 학생들은 흥미로운 액티비티 문제들을 하나하나 풀어봄으로써 교재에서 학습한 내용을 완벽하게 마스터하게 될 것이다. (PAPERBACK/영어원서/가로 14.7CM X 세로 21CM)",https://bookthumb-phinf.pstatic.net/cover/020/889/02088908.jpg?type=m5
어린이,어린이영어,게임으로 배우기,38,Candy for Breakfast Activity Book,편집부,"DOLPHIN READERS 시리즈 LEVEL 2, 『CANDY FOR BREAKFAST』 액티비티 북(ACTIVITY BOOK). DOLPHIN READERS 시리즈의 각 권별로 구성한 DOLPHIN READERS 액티비티 북에서는 해당 교재에 나왔던 핵심 어휘와 영어 구조에 관한 읽기(READING), 쓰기(WRITING), 말하기(SPEAKING) 연습 문제들을 추가적으로 제공한다. 학생들은 흥미로운 액티비티 문제들을 하나하나 풀어봄으로써 교재에서 학습한 내용을 완벽하게 마스터하게 될 것이다. (PAPERBACK/영어원서/가로 14.7CM X 세로 21CM)",https://bookthumb-phinf.pstatic.net/cover/020/889/02088910.jpg?type=m5
어린이,어린이영어,게임으로 배우기,39,Numbers Numbers Everywhere Activity Book,편집부,"DOLPHIN READERS 시리즈 LEVEL 2, 『NUMBERS, NUMBERS EVERYWHERE』 액티비티 북(ACTIVITY BOOK). DOLPHIN READERS 시리즈의 각 권별로 구성한 DOLPHIN READERS 액티비티 북에서는 해당 교재에 나왔던 핵심 어휘와 영어 구조에 관한 읽기(READING), 쓰기(WRITING), 말하기(SPEAKING) 연습 문제들을 추가적으로 제공한다. 학생들은 흥미로운 액티비티 문제들을 하나하나 풀어봄으로써 교재에서 학습한 내용을 완벽하게 마스터하게 될 것이다. (PAPERBACK/영어원서/가로 14.7CM X 세로 21CM)",https://bookthumb-phinf.pstatic.net/cover/020/889/02088915.jpg?type=m5
어린이,어린이영어,게임으로 배우기,40,Circles and Squares,OXFORD 편집부,"DOLPHIN READERS 시리즈 LEVEL 2, 『CIRCLES AND SQUARES』 액티비티 북(ACTIVITY BOOK). DOLPHIN READERS 시리즈의 각 권별로 구성한 DOLPHIN READERS 액티비티 북에서는 해당 교재에 나왔던 핵심 어휘와 영어 구조에 관한 읽기(READING), 쓰기(WRITING), 말하기(SPEAKING) 연습 문제들을 추가적으로 제공한다. 학생들은 흥미로운 액티비티 문제들을 하나하나 풀어봄으로써 교재에서 학습한 내용을 완벽하게 마스터하게 될 것이다. (PAPERBACK/영어원서/가로 14.7CM X 세로 21CM)",https://bookthumb-phinf.pstatic.net/cover/020/889/02088916.jpg?type=m5
어린이,어린이영어,게임으로 배우기,41,New Girl In School,CHRISTINE LINDOP,"DOLPHIN READERS 시리즈 3단계 『NEW GIRL IN SCHOOL』 액티비티 북(ACTIVITY BOOK). DOLPHIN READERS 시리즈의 각 권별로 구성한 DOLPHIN READERS 액티비티 북에서는 해당 교재에 나왔던 핵심 어휘와 언어 구조에 관한 읽기(READING), 쓰기(WRITING), 말하기(SPEAKING) 연습 문제를 추가적으로 제공한다. (PAPERBACK/영어원서/가로 14.7CM X 세로 21CM)",https://bookthumb-phinf.pstatic.net/cover/020/889/02088920.jpg?type=m5
어린이,어린이영어,게임으로 배우기,42,Lost Activity Book,편집부,"DOLPHIN READERS 시리즈 LEVEL 2, 『LOST!』 액티비티 북(ACTIVITY BOOK). DOLPHIN READERS 시리즈의 각 권별로 구성한 DOLPHIN READERS 액티비티 북에서는 해당 교재에 나왔던 핵심 어휘와 영어 구조에 관한 읽기(READING), 쓰기(WRITING), 말하기(SPEAKING) 연습 문제들을 추가적으로 제공한다. 학생들은 흥미로운 액티비티 문제들을 하나하나 풀어봄으로써 교재에서 학습한 내용을 완벽하게 마스터하게 될 것이다. (PAPERBACK/영어원서/가로 14.7CM X 세로 21CM)",https://bookthumb-phinf.pstatic.net/cover/020/889/02088911.jpg?type=m5
어린이,어린이영어,게임으로 배우기,43,리딩타운 플래시카드,송순호,"<조기영어 리딩타운처럼 하라> 플래시카드북! 『리딩타운 플래시카드 - 완성편 151 WORDS』. 조기영어 프로그램 메뉴얼 <조기영어 리딩타운처럼 하라>의 자매서로서, 이번 플래시카드 북에서는 그 중요성을 아무리 강조해도 지나치지 않는 MAGIC SIGHT WORDS를 MAGIC SENTENCES와 함께 앞뒷면으로 배열하여 만들었다. <기초편 (203단어)>과 <완성편 (151단어)> 두 권으로 구성되어 1단계부터 6단계까지 단계별로 차근차근 공부하면서 MAGIC SIGHT WORDS를 마스터할 수 있다.MAGIC SIGHT WORDS는 미국 유치원 및 초등학교 학생들이 보는 책과 잡지에 가장 많이 등장하는 영어 단어로서, 354개의 MAGIC SIGHT WORDS..",https://bookthumb-phinf.pstatic.net/cover/019/616/01961604.jpg?type=m5
어린이,어린이영어,게임으로 배우기,44,리딩타운 플래시카드,송순호,"<조기영어 리딩타운처럼 하라> 플래시카드북! 『리딩타운 플래시카드 - 기초편 203 WORDS』. 조기영어 프로그램 메뉴얼 <조기영어 리딩타운처럼 하라>의 자매서로서, 이번 플래시카드 북에서는 그 중요성을 아무리 강조해도 지나치지 않는 MAGIC SIGHT WORDS를 MAGIC SENTENCES와 함께 앞뒷면으로 배열하여 만들었다. <기초편 (203단어)>과 <완성편 (151단어)> 두 권으로 구성되어 1단계부터 6단계까지 단계별로 차근차근 공부하면서 MAGIC SIGHT WORDS를 마스터할 수 있다.MAGIC SIGHT WORDS는 미국 유치원 및 초등학교 학생들이 보는 책과 잡지에 가장 많이 등장하는 영어 단어로서, 354개의 MAGIC SIGHT WORDS..",https://bookthumb-phinf.pstatic.net/cover/019/616/01961603.jpg?type=m5
어린이,어린이영어,게임으로 배우기,45,English Land 1 Activity Book,John Potter,"ENGLISH LAND 시리즈 ① 액티비티 북(ACTIVITY BOOK). 『ENGLISH LAND』 시리즈는 PEARSON LONGMAN사가 아시아 지역의 초등학교 학생들을 위해 맞춤 개발한 6단계 코스이다. 디즈니 캐릭터와 장면들을 활용한 본 시리즈는 어린이들에게 영어 학습에 대한 동기를 부여할 뿐만 아니라 적극적으로 참여할 수 있도록 도와준다.본 액티비티 북(ACTIVITY BOOK)에는 학생용 책과 연계한 다양한 액티비티 문제들이 가득 들어있다. 어린이 학생들은 쓰기, 따라 쓰기, 듣기, 그리기, 짝짓기, 색칠하기 등의 흥미로운 문제들을 직접 풀면서 학습 내용을 완벽하게 습득하게 된다. 포함된 CD에는 액티비티 북 1권의 모든 LISTENING ACTIVITY가 녹음되어 있다. (PAPERBACK/영..",https://bookthumb-phinf.pstatic.net/cover/019/402/01940273.jpg?type=m5
어린이,어린이영어,게임으로 배우기,46,English Land 2 Activity Book,John Potter,"ENGLISH LAND 시리즈 ② 액티비티 북(ACTIVITY BOOK). 『ENGLISH LAND』 시리즈는 PEARSON LONGMAN사가 아시아 지역의 초등학교 학생들을 위해 맞춤 개발한 6단계 코스이다. 디즈니 캐릭터와 장면들을 활용한 본 시리즈는 어린이들에게 영어 학습에 대한 동기를 부여할 뿐만 아니라 적극적으로 참여할 수 있도록 도와준다.본 액티비티 북(ACTIVITY BOOK)에는 학생용 책과 연계한 다양한 액티비티 문제들이 가득 들어있다. 어린이 학생들은 쓰기, 따라 쓰기, 듣기, 숫자 적기, 그리기, 짝짓기, 색칠하기 등의 흥미로운 문제들을 직접 풀면서 학습 내용을 완벽하게 습득하게 된다. 포함된 CD에는 액티비티 북 2권의 모든 LISTENING ACTIVITY가 녹음되어 있다. (PAPE..",https://bookthumb-phinf.pstatic.net/cover/019/402/01940275.jpg?type=m5
어린이,어린이영어,게임으로 배우기,47,English Land 3 Activity Book,John Potter,"ENGLISH LAND 시리즈 ③ 액티비티 북(ACTIVITY BOOK). 『ENGLISH LAND』 시리즈는 PEARSON LONGMAN사가 아시아 지역의 초등학교 학생들을 위해 맞춤 개발한 6단계 코스이다. 디즈니 캐릭터와 장면들을 활용한 본 시리즈는 어린이들에게 영어 학습에 대한 동기를 부여할 뿐만 아니라 적극적으로 참여할 수 있도록 도와준다.본 액티비티 북(ACTIVITY BOOK)에는 학생용 책과 연계한 다양한 액티비티 문제들이 가득 들어있다. 어린이 학생들은 쓰기, 따라 쓰기, 듣기, 그리기, 짝짓기, 수세기, 찾기 등의 흥미로운 문제들을 직접 풀면서 학습 내용을 완벽하게 습득하게 된다. 포함된 CD에는 액티비티 북 3권의 모든 LISTENING ACTIVITY가 녹음되어 있다. (PAPERBAC..",https://bookthumb-phinf.pstatic.net/cover/019/402/01940278.jpg?type=m5
어린이,어린이영어,게임으로 배우기,48,English Land 4 Activity Book,John Potter,"ENGLISH LAND 시리즈 ④ 액티비티 북(ACTIVITY BOOK). 『ENGLISH LAND』 시리즈는 PEARSON LONGMAN사가 아시아 지역의 초등학교 학생들을 위해 맞춤 개발한 6단계 코스이다. 디즈니 캐릭터와 장면들을 활용한 본 시리즈는 어린이들에게 영어 학습에 대한 동기를 부여할 뿐만 아니라 적극적으로 참여할 수 있도록 도와준다.본 액티비티 북(ACTIVITY BOOK)에는 학생용 책과 연계한 다양한 액티비티 문제들이 가득 들어있다. 어린이 학생들은 쓰기, 따라 쓰기, 듣기, 그리기, 짝짓기, 수세기, 점 연결하기 등의 흥미로운 문제들을 직접 풀면서 학습 내용을 완벽하게 습득하게 된다. 포함된 CD에는 액티비티 북 4권의 모든 LISTENING ACTIVITY가 녹음되어 있다. (PAPE..",https://bookthumb-phinf.pstatic.net/cover/019/852/01985296.jpg?type=m5
어린이,어린이영어,게임으로 배우기,49,English Land 5 Activity Book,John Potter,"ENGLISH LAND 시리즈 ⑤ 액티비티 북(ACTIVITY BOOK). 『ENGLISH LAND』 시리즈는 PEARSON LONGMAN사가 아시아 지역의 초등학교 학생들을 위해 맞춤 개발한 6단계 코스이다. 디즈니 캐릭터와 장면들을 활용한 본 시리즈는 어린이들에게 영어 학습에 대한 동기를 부여할 뿐만 아니라 적극적으로 참여할 수 있도록 도와준다.본 액티비티 북(ACTIVITY BOOK)에는 학생용 책과 연계한 다양한 액티비티 문제들이 가득 들어있다. 어린이 학생들은 쓰기, 따라 쓰기, 듣기, 숫자 적기, 짝짓기, 십자퍼즐 등의 흥미로운 문제들을 직접 풀면서 학습 내용을 완벽하게 습득하게 된다. 포함된 CD에는 액티비티 북 5권의 모든 LISTENING ACTIVITY가 녹음되어 있다. (PAPERBACK..",https://bookthumb-phinf.pstatic.net/cover/019/403/01940301.jpg?type=m5
어린이,어린이영어,게임으로 배우기,50,Baby Animals Activity Book,편집부,"DOLPHIN READERS 시리즈 STARTER LEVEL, 「BABY ANIMALS」 액티비티 북(ACTIVITY BOOK). DOLPHIN READERS 시리즈의 각 권별로 구성한 DOLPHIN READERS 액티비티 북에서는 해당 교재에 나왔던 핵심 어휘와 언어 구조에 관한 추가 연습 문제들을 제공한다. 읽기(READING), 쓰기(WRITING), 말하기(SPEAKING) 영역별 액티비티 문제들을 하나하나 풀어봄으로써 교재에서 학습한 내용을 완벽하게 마스터하게 될 것이다. (PAPERBACK/영어원서/가로 14.7CM X 세로 21CM)",https://bookthumb-phinf.pstatic.net/cover/019/437/01943711.jpg?type=m5
어린이,어린이영어,게임으로 배우기,51,Monkeying Around Activity Book,편집부,"DOLPHIN READERS 시리즈 STARTER LEVEL, 「MONKEYING AROUND」 액티비티 북(ACTIVITY BOOK). DOLPHIN READERS 시리즈의 각 권별로 구성한 DOLPHIN READERS 액티비티 북에서는 해당 교재에 나왔던 핵심 어휘와 언어 구조에 관한 추가 연습 문제들을 제공한다. 읽기(READING), 쓰기(WRITING), 말하기(SPEAKING) 영역별 액티비티 문제들을 하나하나 풀어봄으로써 교재에서 학습한 내용을 완벽하게 마스터하게 될 것이다. (PAPERBACK/영어원서/가로 14.7CM X 세로 21CM)",https://bookthumb-phinf.pstatic.net/cover/019/437/01943715.jpg?type=m5
어린이,어린이영어,게임으로 배우기,52,Moving House Activity Book,편집부,"DOLPHIN READERS 시리즈 STARTER LEVEL, 「MOVING HOUSE」 액티비티 북(ACTIVITY BOOK). DOLPHIN READERS 시리즈의 각 권별로 구성한 DOLPHIN READERS 액티비티 북에서는 해당 교재에 나왔던 핵심 어휘와 언어 구조에 관한 추가 연습 문제들을 제공한다. 읽기(READING), 쓰기(WRITING), 말하기(SPEAKING) 영역별 액티비티 문제들을 하나하나 풀어봄으로써 교재에서 학습한 내용을 완벽하게 마스터하게 될 것이다. (PAPERBACK/영어원서/가로 14.7CM X 세로 21CM)",https://bookthumb-phinf.pstatic.net/cover/019/437/01943717.jpg?type=m5
어린이,어린이영어,게임으로 배우기,53,A Game of Shaped Activity Book,편집부,"DOLPHIN READERS 시리즈 STARTER LEVEL, 「A GAME OF SHAPED」 액티비티 북(ACTIVITY BOOK). DOLPHIN READERS 시리즈의 각 권별로 구성한 DOLPHIN READERS 액티비티 북에서는 해당 교재에 나왔던 핵심 어휘와 언어 구조에 관한 추가 연습 문제들을 제공한다. 읽기(READING), 쓰기(WRITING), 말하기(SPEAKING) 영역별 액티비티 문제들을 하나하나 풀어봄으로써 교재에서 학습한 내용을 완벽하게 마스터하게 될 것이다. (PAPERBACK/영어원서/가로 14.7CM X 세로 21CM)",https://bookthumb-phinf.pstatic.net/cover/019/628/01962859.jpg?type=m5
어린이,어린이영어,게임으로 배우기,54,My Family Activity Book,편집부,"DOLPHIN READERS 시리즈 STARTER LEVEL, 「MY FAMILY」 액티비티 북(ACTIVITY BOOK). DOLPHIN READERS 시리즈의 각 권별로 구성한 DOLPHIN READERS 액티비티 북에서는 해당 교재에 나왔던 핵심 어휘와 언어 구조에 관한 추가 연습 문제들을 제공한다. 읽기(READING), 쓰기(WRITING), 말하기(SPEAKING) 영역별 액티비티 문제들을 하나하나 풀어봄으로써 교재에서 학습한 내용을 완벽하게 마스터하게 될 것이다. (PAPERBACK/영어원서/가로 14.7CM X 세로 21CM)",https://bookthumb-phinf.pstatic.net/cover/019/437/01943714.jpg?type=m5
어린이,어린이영어,게임으로 배우기,55,Silly Squirrel Activity Book,편집부,"DOLPHIN READERS 시리즈 STARTER LEVEL, 「SILLY SQUIRREL」 액티비티 북(ACTIVITY BOOK). DOLPHIN READERS 시리즈의 각 권별로 구성한 DOLPHIN READERS 액티비티 북에서는 해당 교재에 나왔던 핵심 어휘와 언어 구조에 관한 추가 연습 문제들을 제공한다. 읽기(READING), 쓰기(WRITING), 말하기(SPEAKING) 영역별 액티비티 문제들을 하나하나 풀어봄으로써 교재에서 학습한 내용을 완벽하게 마스터하게 될 것이다. (PAPERBACK/영어원서/가로 14.7CM X 세로 21CM)",https://bookthumb-phinf.pstatic.net/cover/019/437/01943716.jpg?type=m5
어린이,어린이영어,게임으로 배우기,56,Doctor Doctor Activity Book,편집부,"DOLPHIN READERS 시리즈 STARTER LEVEL, 「DOCTOR, DOCTOR」 액티비티 북(ACTIVITY BOOK). DOLPHIN READERS 시리즈의 각 권별로 구성한 DOLPHIN READERS 액티비티 북에서는 해당 교재에 나왔던 핵심 어휘와 언어 구조에 관한 추가 연습 문제들을 제공한다. 읽기(READING), 쓰기(WRITING), 말하기(SPEAKING) 영역별 액티비티 문제들을 하나하나 풀어봄으로써 교재에서 학습한 내용을 완벽하게 마스터하게 될 것이다. (PAPERBACK/영어원서/가로 14.7CM X 세로 21CM)",https://bookthumb-phinf.pstatic.net/cover/019/437/01943712.jpg?type=m5
어린이,어린이영어,게임으로 배우기,57,A Day With Baby Activity Book,편집부,"DOLPHIN READERS 시리즈 STARTER LEVEL, 「A DAY WITH BABY」 액티비티 북(ACTIVITY BOOK). DOLPHIN READERS 시리즈의 각 권별로 구성한 DOLPHIN READERS 액티비티 북에서는 해당 교재에 나왔던 핵심 어휘와 언어 구조에 관한 추가 연습 문제들을 제공한다. 읽기(READING), 쓰기(WRITING), 말하기(SPEAKING) 영역별 액티비티 문제들을 하나하나 풀어봄으로써 교재에서 학습한 내용을 완벽하게 마스터하게 될 것이다. (PAPERBACK/영어원서/가로 14.7CM X 세로 21CM)",https://bookthumb-phinf.pstatic.net/cover/019/437/01943713.jpg?type=m5
어린이,어린이영어,게임으로 배우기,58,English Land 6 Activity Book,John Potter,ENGLISH LAND 시리즈 ⑥ 액티비티 북(ACTIVITY BOOK). 『ENGLISH LAND』 시리즈는 PEARSON LONGMAN사가 아시아 지역의 초등학교 학생들을 위해 맞춤 개발한 6단계 코스이다. 디즈니 캐릭터와 장면들을 활용한 본 시리즈는 어린이들에게 영어 학습에 대한 동기를 부여할 뿐만 아니라 적극적으로 참여할 수 있도록 도와준다.본 액티비티 북(ACTIVITY BOOK)에는 학생용 책과 연계한 다양한 액티비티 문제들이 가득 들어있다. 어린이 학생들은 다양한 형식의 흥미로운 문제들을 직접 풀면서 학습 내용을 완벽하게 습득하게 된다. 포함된 CD에는 액티비티 북 6권의 모든 LISTENING ACTIVITY가 녹음되어 있다. (PAPERBACK/영어원서/가로 21.5CM X 세로 28CM),https://bookthumb-phinf.pstatic.net/cover/019/402/01940298.jpg?type=m5
어린이,어린이영어,게임으로 배우기,59,영어동요 1,아이즐북스 편집부,"유치원 선생님이 뽑아 아이들이 좋아하는 영어 동요와 챈트 31 <영어동요>. 현장에서 아이들을 직접 가르치는 유치원 선생님들께서 요즘 어린이들이 가장 좋아하고 즐겨 부르는 영어 동요만 골라 뽑아 만든 동요 그림책이다. 아이들이 좀더 쉽게 영어 동요를 익힐 수 있도록 모든 곡에 가사와 악보가 실려 있으며, 손뜨개로 만든 인형 작품이나 개성 넘치는 입체 일러스트, 따뜻하면서도 수준 높은 일러스트 등으로 표현되어 있어 마치 한 권의 그림책을 보는 듯 하다. 아이들의 마음이 담긴 참 좋은 노래와 율동이 한데 어우러져 있어 즐겁게 듣고, 보고, 즐길 수 있는 그림책이자 놀이책이 될 것이다. 오디오CD 1장 포함. 하드커버.",https://bookthumb-phinf.pstatic.net/cover/015/552/01555252.jpg?type=m5
어린이,어린이영어,게임으로 배우기,60,SUPER KIDS 2,Aleda Krause,STUDENT BOOK OF SUPERKIDS 2 COURSE,https://bookthumb-phinf.pstatic.net/cover/014/634/01463410.jpg?type=m5
어린이,어린이영어,게임으로 배우기,61,SUPER KIDS 1,Aleda Krause,"유용한 실용적인 문법에 기초한 대화문들과 재미있는 노래와 챈트들을 통해 Listening과 Speaking Skills을 강조하고 있다. 체계적인 파닉스 프로그램과 함께 문법을 학습하며 TPR을 통해 동사들을 소개받는다. 또한 교사들이 영어교재에서 가르쳐야 할 중요한 개념들을 한 눈에 쉽게 볼 수 있는 종합적인 Syllabus가제시되어 있다. 학생들이 다음 레벨로 올라가 이전에 배운 언어의 40-50%정도를 반복하게 되어있어 난이도가 균형 있게 발전하므로 실질적인 학습의 효과를 기대할 수 있다. 화려한 색채의 그림들과 친근한 등장인물들과 함께 주제에 맞는 학습을 해나갈 수 있으며, 각 과마다 첫 페이지에서 숨어있는 동물을 찾는 작은재미도 있다. 매 과가 시작하는 페이지에 등장하는 Talk about it! ..",https://bookthumb-phinf.pstatic.net/cover/014/634/01463411.jpg?type=m5
어린이,어린이영어,게임으로 배우기,62,SUPER KIDS 1,Aleda Krause,ACTIVITY BOOK WITH CD OF SUPERKIDS 1 COURSE,https://bookthumb-phinf.pstatic.net/cover/014/634/01463414.jpg?type=m5
어린이,어린이영어,게임으로 배우기,63,Where Is It,편집부,"DOLPHIN READERS 시리즈 LEVEL 1, 「WHERE IS IT?」 액티비티 북(ACTIVITY BOOK). DOLPHIN READERS 시리즈의 각 권별로 구성한 DOLPHIN READERS 액티비티 북에서는 해당 교재에 나왔던 핵심 어휘와 언어 구조에 관한 읽기(READING), 쓰기(WRITING), 말하기(SPEAKING) 연습 문제들을 추가적으로 제공한다.학생들은 흥미로운 액티비티 문제들을 하나하나 풀어봄으로써 교재에서 학습한 내용을 완벽하게 마스터하게 될 것이다. (PAPERBACK/영어원서/가로 14.7CM X 세로 21CM)",https://bookthumb-phinf.pstatic.net/cover/020/889/02088901.jpg?type=m5
어린이,어린이영어,게임으로 배우기,64,SUPER KIDS 2,Aleda Krause,ACTIVITY BOOK WITH CD OF SUPERKIDS 2 COURSE,https://bookthumb-phinf.pstatic.net/cover/014/634/01463415.jpg?type=m5
어린이,어린이영어,게임으로 배우기,65,Super Kids 5,Aleda Krause,"SUPERKIDS 개정판(NEW EDITION)은 초등학교 어린이들이 쉽고 재미있게 배울 수 있는 통합 영어학습 시리즈이다.ACTIVITY BOOK에서는 매 단원별로 학습 내용을 더욱 강화할 수 있는 LISTENING, READING, WRITING 연습 문제를 제공하고 있다. 연습 문제들은 학생들이 직접 쓰면서 영어 스킬을 향상시킬 수 있는 색칠하기, 낱말찾기, 문장순서 맞추기, 짝짓기 등과 같은 다양한 ACTIVITY로 짜여져 있다. 모든 리스닝 액티비티(LISTENING ACTIVITY)에 대한 내용을 담고 있는 CD 포함.",https://bookthumb-phinf.pstatic.net/cover/015/450/01545004.jpg?type=m5
어린이,어린이영어,게임으로 배우기,66,Meet Molly,편집부,"DOLPHIN READERS 시리즈 LEVEL 1, 「MEET MOLLY」 액티비티 북(ACTIVITY BOOK). DOLPHIN READERS 시리즈의 각 권별로 구성한 DOLPHIN READERS 액티비티 북에서는 해당 교재에 나왔던 핵심 어휘와 언어 구조에 관한 읽기(READING), 쓰기(WRITING), 말하기(SPEAKING) 연습 문제들을 추가적으로 제공한다.학생들은 흥미로운 액티비티 문제들을 하나하나 풀어봄으로써 교재에서 학습한 내용을 완벽하게 마스터하게 될 것이다. (PAPERBACK/영어원서/가로 14.7CM X 세로 21CM)",https://bookthumb-phinf.pstatic.net/cover/020/889/02088900.jpg?type=m5
어린이,어린이영어,게임으로 배우기,67,Lost Kitten,편집부,"DOLPHIN READERS 시리즈 LEVEL 1, 「LOST KITTEN」 액티비티 북(ACTIVITY BOOK). DOLPHIN READERS 시리즈의 각 권별로 구성한 DOLPHIN READERS 액티비티 북에서는 해당 교재에 나왔던 핵심 어휘와 언어 구조에 관한 읽기(READING), 쓰기(WRITING), 말하기(SPEAKING) 연습 문제들을 추가적으로 제공한다.학생들은 흥미로운 액티비티 문제들을 하나하나 풀어봄으로써 교재에서 학습한 내용을 완벽하게 마스터하게 될 것이다. (PAPERBACK/영어원서/가로 14.7CM X 세로 21CM)",https://bookthumb-phinf.pstatic.net/cover/020/889/02088905.jpg?type=m5
어린이,어린이영어,게임으로 배우기,68,Hows the Weather,편집부,"DOLPHIN READERS 시리즈 LEVEL 1, 「HOW'S THE WEATHER?」 액티비티 북(ACTIVITY BOOK). DOLPHIN READERS 시리즈의 각 권별로 구성한 DOLPHIN READERS 액티비티 북에서는 해당 교재에 나왔던 핵심 어휘와 언어 구조에 관한 읽기(READING), 쓰기(WRITING), 말하기(SPEAKING) 연습 문제들을 추가적으로 제공한다.학생들은 흥미로운 액티비티 문제들을 하나하나 풀어봄으로써 교재에서 학습한 내용을 완벽하게 마스터하게 될 것이다. (PAPERBACK/영어원서/가로 14.7CM X 세로 21CM)",https://bookthumb-phinf.pstatic.net/cover/020/889/02088907.jpg?type=m5
어린이,어린이영어,게임으로 배우기,69,SUPER KIDS 3,Aleda Krause,"숙제로 내주거나 수업시간에 활용할 수 있는 더 많은 listening, reading, writing 연습을 제공하고 있어 교사들의 원활하고 탄력적인 수업진행을 돕는다. 차이점 구별하기, 낱말 찾기, 색칠하기, 개인 응용 활동 등 학생들이 재미있게 학습할 수 있는 액티비티들이 포함되어 있고, 각 Activity Book에는 교재 안에 등장하는 모든 Listening 액티비티들에 대한 내용이 담겨져 있는 CD가 같이 제공되어 수업에 용이하다. Activity Book만을 사용하여 4skills를 복습할 수 있는 액티비티들이 제공되어 있으며, 발음을 연습하기 위해 노래로 이루어지는 복습이 포함되어 있다. 각 과마다 다양한 게임들이 등장하여 어휘와 문법을 복습하게 하고, 강화시켜준다. 학생들..",https://bookthumb-phinf.pstatic.net/cover/014/634/01463413.jpg?type=m5
어린이,어린이영어,게임으로 배우기,70,Number Magic,편집부,"DOLPHIN READERS 시리즈 LEVEL 1, 「NUMBER MAGIC」 액티비티 북(ACTIVITY BOOK). DOLPHIN READERS 시리즈의 각 권별로 구성한 DOLPHIN READERS 액티비티 북에서는 해당 교재에 나왔던 핵심 어휘와 언어 구조에 관한 읽기(READING), 쓰기(WRITING), 말하기(SPEAKING) 연습 문제들을 추가적으로 제공한다.학생들은 흥미로운 액티비티 문제들을 하나하나 풀어봄으로써 교재에서 학습한 내용을 완벽하게 마스터하게 될 것이다. (PAPERBACK/영어원서/가로 14.7CM X 세로 21CM)",https://bookthumb-phinf.pstatic.net/cover/020/889/02088906.jpg?type=m5
어린이,어린이영어,게임으로 배우기,71,On Safari,편집부,"DOLPHIN READERS 시리즈 LEVEL 1, 「ON SAFARI」 액티비티 북(ACTIVITY BOOK). DOLPHIN READERS 시리즈의 각 권별로 구성한 DOLPHIN READERS 액티비티 북에서는 해당 교재에 나왔던 핵심 어휘와 언어 구조에 관한 읽기(READING), 쓰기(WRITING), 말하기(SPEAKING) 연습 문제들을 추가적으로 제공한다.학생들은 흥미로운 액티비티 문제들을 하나하나 풀어봄으로써 교재에서 학습한 내용을 완벽하게 마스터하게 될 것이다. (PAPERBACK/영어원서/가로 14.7CM X 세로 21CM)",https://bookthumb-phinf.pstatic.net/cover/020/889/02088904.jpg?type=m5
어린이,어린이영어,게임으로 배우기,72,Little Helpers,편집부,"DOLPHIN READERS 시리즈 LEVEL 1, 「LITTLE HELPERS」 액티비티 북(ACTIVITY BOOK). DOLPHIN READERS 시리즈의 각 권별로 구성한 DOLPHIN READERS 액티비티 북에서는 해당 교재에 나왔던 핵심 어휘와 언어 구조에 관한 읽기(READING), 쓰기(WRITING), 말하기(SPEAKING) 연습 문제들을 추가적으로 제공한다.학생들은 흥미로운 액티비티 문제들을 하나하나 풀어봄으로써 교재에서 학습한 내용을 완벽하게 마스터하게 될 것이다. (PAPERBACK/영어원서/가로 14.7CM X 세로 21CM)",https://bookthumb-phinf.pstatic.net/cover/020/889/02088902.jpg?type=m5
어린이,어린이영어,게임으로 배우기,73,"Wash My Hair, Please!",김평숙,"그림책으로 영어시작 시리즈 [WASH MY HAIR PLEASE / MY DAY!]. 필수 영어 표현만으로 재미있게 꾸민 영어 이야기가 아름다운 그림과 만나 더욱 친근감있게 다가온다. 아이의 수준과 흥미에 따라 고를 수 있는 다양한 단계와 주제로 구성되었다. 이야기 그림책 1권과 인지 그림책 1권으로 주요 표현을 반복하면서 익힐 수 있다(스티커 분리시 2권으로 나누어짐).이번 교재는 영어를 처음 시작하는 아이들을 위한 LEVEL 1의 1호(정서) 단계에 해당한다. 이야기 그림책(WASH MY HAIR PLEASE)과 인지 그림책(MY DAY!)을 재미있게 보면서 '인사말'에 대해 학습한다.* 구성 - 책 2권, 부속 (CD 1장, 벽그림 2장, 스티커 1장, 가이드 1권)",https://bookthumb-phinf.pstatic.net/cover/015/026/01502642.jpg?type=m5
어린이,어린이영어,게임으로 배우기,74,Jack the Hero,편집부,"DOLPHIN READERS 시리즈 LEVEL 1, 「JACK THE HERO」 액티비티 북(ACTIVITY BOOK). DOLPHIN READERS 시리즈의 각 권별로 구성한 DOLPHIN READERS 액티비티 북에서는 해당 교재에 나왔던 핵심 어휘와 언어 구조에 관한 읽기(READING), 쓰기(WRITING), 말하기(SPEAKING) 연습 문제들을 추가적으로 제공한다.학생들은 흥미로운 액티비티 문제들을 하나하나 풀어봄으로써 교재에서 학습한 내용을 완벽하게 마스터하게 될 것이다. (PAPERBACK/영어원서/가로 14.7CM X 세로 21CM)",https://bookthumb-phinf.pstatic.net/cover/020/889/02088903.jpg?type=m5
어린이,어린이영어,게임으로 배우기,75,Big and Small,김평숙,"그림책으로 영어시작 시리즈 [BIG AND SMALL / DARK AND BRIGHT]. 필수 영어 표현만으로 재미있게 꾸민 영어 이야기가 아름다운 그림과 만나 더욱 친근감있게 다가온다. 아이의 수준과 흥미에 따라 고를 수 있는 다양한 단계와 주제로 구성하였으며, 이야기 그림책과 인지 그림책으로 주요 표현을 반복하면서 익힐 수 있다(스티커 분리시 2권으로 나누어짐).이번 교재는 영어를 처음 시작하는 아이들을 위한 LEVEL 1의 6호(언어) 단계에 해당한다. 이야기 그림책(BIG AND SMALL)과 인지 그림책(DARK AND BRIGHT)을 재미있게 보면서 '단어 놀이(반대말)'에 대해 학습한다.* 구성 - 책 2권, 부속 (CD 1장, 벽그림 2장, 스티커 1장, 가이드 1권)",https://bookthumb-phinf.pstatic.net/cover/015/026/01502620.jpg?type=m5
어린이,어린이영어,게임으로 배우기,76,How Many?,김평숙,"그림책으로 영어시작 시리즈 [HOW MANY? / ONE TWO THREE]. 필수 영어 표현만으로 재미있게 꾸민 영어 이야기가 아름다운 그림과 만나 더욱 친근감있게 다가온다. 아이의 수준과 흥미에 따라 고를 수 있는 다양한 단계와 주제로 구성되었다. 이야기 그림책 1권과 인지 그림책 1권으로 주요 표현을 반복하면서 익힐 수 있다(스티커 분리시 2권으로 나누어짐).이번 교재는 영어를 처음 시작하는 아이들을 위한 LEVEL 1의 2호(수학) 단계에 해당한다. 이야기 그림책(HOW MANY?)과 인지 그림책(ONE TWO THREE)을 재미있게 보면서 '수세기'에 대해 학습한다.* 구성 - 책 2권, 부속 (CD 1장, 벽그림 2장, 스티커 1장, 가이드 1권)",https://bookthumb-phinf.pstatic.net/cover/015/026/01502631.jpg?type=m5
어린이,어린이영어,게임으로 배우기,77,My Balloon!,김평숙,"그림책으로 영어시작 시리즈 [MY BALLOON! / WHAT IS THIS?]. 필수 영어 표현만으로 재미있게 꾸민 영어 이야기가 아름다운 그림과 만나 더욱 친근감있게 다가온다. 아이의 수준과 흥미에 따라 고를 수 있는 다양한 단계와 주제로 구성하였으며, 이야기 그림책과 인지 그림책으로 주요 표현을 반복하면서 익힐 수 있다(스티커 분리시 2권으로 나누어짐).이번 교재는 영어를 처음 시작하는 아이들을 위한 LEVEL 1의 4호(사회) 단계에 해당한다. 이야기 그림책(MY BALLOON!)과 인지 그림책(WHAT IS THIS?)을 재미있게 보면서 '탈 것'에 대해 학습한다.* 구성 - 책 2권, 부속 (CD 1장, 벽그림 2장, 스티커 1장, 가이드 1권)",https://bookthumb-phinf.pstatic.net/cover/015/026/01502633.jpg?type=m5
어린이,어린이영어,게임으로 배우기,78,How is the Weather?,김평숙,"그림책으로 영어시작 시리즈 [HOW IS THE WEATHER? / SEASONS]. 필수 영어 표현만으로 재미있게 꾸민 영어 이야기가 아름다운 그림과 만나 더욱 친근감있게 다가온다. 아이의 수준과 흥미에 따라 고를 수 있는 다양한 단계와 주제로 구성하였으며, 이야기 그림책과 인지 그림책으로 주요 표현을 반복하면서 익힐 수 있다(스티커 분리시 2권으로 나누어짐).이번 교재는 영어를 처음 시작하는 아이들을 위한 LEVEL 1의 5호(과학) 단계에 해당한다. 이야기 그림책(HOW IS THE WEATHER?)과 인지 그림책(SEASONS)을 재미있게 보면서 '날씨와 계절'에 대해 학습한다.* 구성 - 책 2권, 부속 (CD 1장, 벽그림 2장, 스티커 1장, 가이드 1권)",https://bookthumb-phinf.pstatic.net/cover/015/026/01502619.jpg?type=m5
어린이,어린이영어,게임으로 배우기,79,SUPER KIDS 6,Aleda Krause,"SUPER KIDS 제6권 학생용 책(STUDENT BOOK) 개정판. SUPER KIDS 시리즈는 가장 완벽한 초등영어 프로그램으로 CULTURE 페이지들을 통해 국제적인 감각을 키울 수 있으며, 체계적인 파닉스, 강화된 문법, 반복 연습이 조화롭게 어우러져 있는 교재이다. 주제에 맞는 짧고 기억하기 쉬운 노래와 챈트 등이 재미있는 학습을 도와준다.",https://bookthumb-phinf.pstatic.net/cover/015/400/01540036.jpg?type=m5
어린이,어린이영어,게임으로 배우기,80,SUPER KIDS 4,Aleda Krause,"숙제로 내주거나 수업시간에 활용할 수 있는 더 많은 listening, reading, writing 연습을 제공하고 있어 교사들의 원활하고 탄력적인 수업진행을 돕는다. 차이점 구별하기, 낱말 찾기, 색칠하기, 개인 응용 활동 등 학생들이 재미있게 학습할 수 있는 액티비티들이 포함되어 있고, 각 Activity Book에는 교재 안에 등장하는 모든 Listening 액티비티들에 대한 내용이 담겨져 있는 CD가 같이 제공되어 수업에 용이하다. Activity Book만을 사용하여 4skills를 복습할 수 있는 액티비티들이 제공되어 있으며, 발음을 연습하기 위해 노래로 이루어지는 복습이 포함되어 있다. 각 과마다 다양한 게임들이 등장하여 어휘와 문법을 복습하게 하고, 강화시켜준다. 학생들..",https://bookthumb-phinf.pstatic.net/cover/014/668/01466807.jpg?type=m5
어린이,어린이영어,게임으로 배우기,81,Let's Chant Let's Sing 3,Carolyn Graham,"- 교재의 모든 내용이 담겨있는 AUDIO CD는 수업시간을 좀 더 효율적으로 만들어 드립니다. (TAPE과 내용이 같습니다.)- 교재 뒷 페이지에 TRACK UNIT이 표시되어 있습니다. - GRAMMAR(어법)와 STRUCTURE(구문)에 중점을 둔 노래 모음집입니다.- 재즈 챈트의 창시자인 CAROLYN GRAHAM씨가 만든 노래와 챈트 모음집으로, CAROLYN GRAHAM의 아름다운리듬과 멜로디는 아이들이 쉽게 따 라 부를 수 있는 단순하면서도 흥겨운 곡들입니다.- LET'S GO 1~6권의 LET'S SING에 수록된 모든 노래와 챈트를 비롯하 여 각 항목 (LET'S MOVE, LET’S LEARN,LET’S LEARN SOME MORE)의 학습 표현에 초점을 둔 노래와 챈트가 수록되어 있습니다..",https://bookthumb-phinf.pstatic.net/cover/012/214/01221412.jpg?type=m5
어린이,어린이영어,게임으로 배우기,82,Let's Chant Let's Sing 5,Carolyn Graham,"Grammar(문법)와 Structure(구문)에 중점을 둔 노래 모음집 · 1~6권 구성 · 교사를 위한 율동이나 응용법 제시 · 전곡의 가사와, 피아노나 기타로 연주할 수 있도록 악보와 코드 표기 - 재즈 챈트의 창시자인 Carolyn Graham씨가 만든 노래와 챈트 모음집이다. - Let's Go 1~6권의 Let's Sing에 수록된 모든 노래와 챈트를 비롯하여 각 항목(Let's Move, Let's Learn, Let's Learn Some More)의 학습 표현에 초점을 둔 노래와 챈트가 수록되어 있다. - Let's Go의 부교재로 사용할 수도 있고, 따로 독립적으로 가르칠 수도 있다. - 가사는 일상생활에 자주 쓰이는 표현과 문법 구조로 구성되어 있다. - 어린이들이 흥겹게 따라 부를 수 ..",https://bookthumb-phinf.pstatic.net/cover/012/214/01221416.jpg?type=m5
어린이,어린이영어,게임으로 배우기,83,Hip Hip Hooray 4,Beat Eisele,"Student Book은 총 8개의 Unit을 포함하고 있으며, 각 Unit은 이야기로 시작한다. 새로운 단어와 문법 형태를 실제 캐릭터가 소개하며, 두개의 Unit이 끝나면 Review Section이 있어 아이들이 배운 내용을 강화도록 하고 있다. 아이들이 좋아하는 이야기 중심의 내용 전개로 아이들이 흥미와 관심을 유발한다. Practice Page에서는 Listening/Speaking/Reading/Writing의 4가지 Skill을 활용하며, 기타 문법과 어휘력을 보강할 수 있도록 구성되어 있다. 매 단원마다 phonics을 비롯한 Song, Chant를 수록하여 생동감있고, 즐겁게 수업을 진행하도록 되어있다. 또한 각 권의 맨 뒤에 수록되어 있는 Litt..",https://bookthumb-phinf.pstatic.net/cover/012/669/01266946.jpg?type=m5
어린이,어린이영어,게임으로 배우기,84,Word Study 1 Workbook,"JENNY NITERT, Debra Salerno",WORD STUDY 워크북 제1권 (REVISED EDITION) . 본 교재에는 학생들의 어휘력과 문법 지식을 향상시키는 데 도움을 주는 액티비티들이 수록되어 있다. (PAPERBACK/영어원서/가로 19CM X 세로 26CM),https://bookthumb-phinf.pstatic.net/cover/036/950/03695091.jpg?type=m5
어린이,어린이영어,게임으로 배우기,85,Hip Hip Hooray 4,Beat Eisele,"Activity Book은 Student Book에서 공부한 언어에 대한 추가 학습이 가능하도록 만들어져서 집에서나 교실에서 이용할 수 있습니다. Activity Book 오디오와 함께 이용하면, 독립적인 듣기와 말하기 연습이 가능하도록 구성되어 있습니다.",https://bookthumb-phinf.pstatic.net/cover/012/669/01266944.jpg?type=m5
어린이,어린이영어,게임으로 배우기,86,Hip Hip Hooray 3 : Activity Book,저자정보없음,"Activity Book은 Student Book에서 공부한 언어에 대한 추가 학습이 가능하도록 만들어져서 집에서나 교실에서 이용할 수 있습니다. Activity Book 오디오와 함께 이용하면, 독립적인 듣기와 말하기 연습이 가능하도록 구성되어 있습니다.",https://bookthumb-phinf.pstatic.net/cover/012/210/01221054.jpg?type=m5
어린이,어린이영어,게임으로 배우기,87,COOKIE COUNT,로버트 사부다,"COOKIE COUNTIS A MOUTH-WATERING BOOK OF LAVISH SURPRISES -- A BAKER'S BOUNTY OF TEN POP-UP SPREADS. AWARD-WINNER ROBERT SABUDA'S INTRICATE PAPER ENGINEERING, ALONG WITH HIS WHIMSICAL ART, CREATES A BOOK THAT WILL BE COUNTED AS A FAMILY FAVORITE FOR YEARS TO COME.",https://bookthumb-phinf.pstatic.net/cover/014/050/01405029.jpg?type=m5
어린이,어린이영어,게임으로 배우기,88,The Wonderful Wizard of OZ,라이먼 프랭크 바움,"* 본 도서(원서)에는 오디오 CD가 포함되어 있지 않으며 페이퍼백이 아닌 하드커버 도서입니다. 이점 구입시 유념하시기 바랍니다.ROBERT SABUDA HAS CREATED A RESPLENDENT POP-UP VERSION OF THE WONDERFUL WIZARD OF OZ TO CELEBRATE THE 100TH ANNIVERSARY OF THE ORIGINAL PUBLICATION. THIS GLORIOUS EDITION IS TOLD IN A SHORTER VERSION OF L. FRANK BAUM'S ORIGINAL TEXT, WITH ARTWORK IN THE STYLE OF W. W. DENSLOW. WITH SPARKLING TOUCHES OF COLORED FOIL AND EMERALD..",https://bookthumb-phinf.pstatic.net/cover/002/231/00223198.jpg?type=m5
어린이,어린이영어,게임으로 배우기,89,ACTIVITY BOOK FOR CHILDREN 1,편집부,OXFORD ACTIVITY BOOKS FOR CHILDREN: BOOK 1 IS A CREATIVE ACTIVITY BOOK FOR YOUNG CHILDREN.,https://bookthumb-phinf.pstatic.net/cover/002/211/00221140.jpg?type=m5
어린이,어린이영어,게임으로 배우기,90,Oxford Junior Work book 2,Clifford Carver,책으로 만나는 새로운 세상,https://bookthumb-phinf.pstatic.net/cover/013/920/01392017.jpg?type=m5
어린이,어린이영어,게임으로 배우기,91,SUPERKIDS 1,편집부,"THE FOUR LEVELS OF SUPERKIDS EACH CONTAIN 9 CONTEXTUALIZED UNITS WITH THREE RECYCLE UNITS. BECAUSE TEACHERS REQUESTED UNITS ON CULTURE, AUTHORS ALSO ADDED 4 CULTURE UNITS PER LEVEL FEATURING TOPICS SUCH AS VALENTINE DAY, BIRTHDAY, CHRISTMAS, AND HALLOWEEN. EACH LEVEL CONTAINS AT LEAST 18 SONGS, CHANTS OR SING-A-GRAMS, AS WELL AS GAMES, PHONICS AND A STORYBOOK IN LEVELS 3 AND 4.",https://bookthumb-phinf.pstatic.net/cover/002/091/00209139.jpg?type=m5
어린이,어린이영어,게임으로 배우기,92,SUPERKIDS 2,KRAUSE,"THE FOUR LEVELS OF SUPERKIDS EACH CONTAIN 9 CONTEXTUALIZED UNITS WITH THREE RECYCLE UNITS. BECAUSE TEACHERS REQUESTED UNITS ON CULTURE, AUTHORS ALSO ADDED 4 CULTURE UNITS PER LEVEL FEATURING TOPICS SUCH AS VALENTINE DAY, BIRTHDAY, CHRISTMAS, AND HALLOWEEN. EACH LEVEL CONTAINS AT LEAST 18 SONGS, CHANTS OR SING-A-GRAMS, AS WELL AS GAMES, PHONICS AND A STORYBOOK IN LEVELS 3 AND 4.",https://bookthumb-phinf.pstatic.net/cover/002/194/00219411.jpg?type=m5
어린이,어린이영어,게임으로 배우기,93,SUPERKIDS 1,KRAUSE,"방과후 가정학습에 용이, 듣기 능력이 취약한 학생들을 위하여 만들어져 심도있는 복습학습 가능. THE ACTIVITY BOOK ARE EASY FOR CHILDREN TO USE AT HOME. A BUILT-IN-REWARD SYSTEM PROVIDES FURTHER MOTIVATION FOR KIDS TO DO THEIR HOMEWORK!",https://bookthumb-phinf.pstatic.net/cover/002/194/00219414.jpg?type=m5
어린이,어린이영어,게임으로 배우기,94,SUPERKIDS 2,KRAUSE,"방과후 가정학습에 용이, 듣기 능력이 취약한 학생들을 위하여 만들어져 심도있는 복습학습 가능. THE ACTIVITY BOOK ARE EASY FOR CHILDREN TO USE AT HOME. A BUILT-IN-REWARD SYSTEM PROVIDES FURTHER MOTIVATION FOR KIDS TO DO THEIR HOMEWORK!",https://bookthumb-phinf.pstatic.net/cover/002/194/00219415.jpg?type=m5
어린이,어린이영어,게임으로 배우기,95,SUPERKIDS 3,BERMAN,"방과후 가정학습에 용이, 듣기 능력이 취약한 학생들을 위하여 만들어져 심도있는 복습학습 가능. THE ACTIVITY BOOK ARE EASY FOR CHILDREN TO USE AT HOME. A BUILT-IN-REWARD SYSTEM PROVIDES FURTHER MOTIVATION FOR KIDS TO DO THEIR HOMEWORK!",https://bookthumb-phinf.pstatic.net/cover/002/194/00219416.jpg?type=m5
어린이,어린이영어,게임으로 배우기,96,OXFORD JUNIOR WORKBOOK 3,편집부,"숫자, 색깔, 기본적인 단어들을 아이들이 직접 색칠을 하고 숫자를 써보고 세어보면서 배웁니다. 아이들이 습득한 내용을 확인하면서 실력을 테스트해 볼 수 있습니다.",https://bookthumb-phinf.pstatic.net/cover/002/206/00220640.jpg?type=m5
어린이,어린이영어,게임으로 배우기,97,OXFORD JUNIOR WORKBOOK 5,편집부,"숫자, 색깔, 기본적인 단어들을 아이들이 직접 색칠을 하고 숫자를 써보고 세어보면서 배웁니다. 아이들이 습득한 내용을 확인하면서 실력을 테스트해 볼 수 있습니다.",https://bookthumb-phinf.pstatic.net/cover/002/206/00220642.jpg?type=m5
어린이,어린이영어,게임으로 배우기,98,OXFORD JUNIOR WORKBOOK 6,편집부,"숫자, 색깔, 기본적인 단어들을 아이들이 직접 색칠을 하고 숫자를 써보고 세어보면서 배웁니다. 아이들이 습득한 내용을 확인하면서 실력을 테스트해 볼 수 있습니다.",https://bookthumb-phinf.pstatic.net/cover/002/206/00220643.jpg?type=m5
어린이,어린이영어,게임으로 배우기,99,OXFORD JUNIOR WORKBOOK 4,편집부,"숫자, 색깔, 기본적인 단어들을 아이들이 직접 색칠을 하고 숫자를 써보고 세어보면서 배웁니다. 아이들이 습득한 내용을 확인하면서 실력을 테스트해 볼 수 있습니다.",https://bookthumb-phinf.pstatic.net/cover/002/206/00220641.jpg?type=m5
어린이,어린이영어,게임으로 배우기,100,OXFORD JUNIOR WORKBOOK 1,편집부,"숫자, 색깔, 기본적인 단어들을 아이들이 직접 색칠을 하고 숫자를 써보고 세어보면서 배웁니다. 아이들이 습득한 내용을 확인하면서 실력을 테스트해 볼 수 있습니다.",https://bookthumb-phinf.pstatic.net/cover/002/158/00215841.jpg?type=m5
